id,text
nikluge-sa-2022-train-02482,ì—¬ë¦„ì— ì‚¬ìš©í•˜ê¸° ì¢‹ì€ ì ¤ì œí˜•ìœ¼ë¡œ ë¶€ë“œëŸ½ê³  ì´‰ì´‰í•œ ë°œë¦¼ì„± í”¼ë¶€ì— ë¹ ë¥´ê²Œ ë°€ì°©ë˜ì–´ ê²‰ëŒì§€ì•Šê³  ëˆì ì´ì§€ ì•Šì•„ ì‚°ëœ»í•œëŠë‚Œ!!
nikluge-sa-2022-train-02620,ë…ë¦½ì„œìŠ¤íŽœì…˜ 6ê°œ íƒ‘ìž¬ëœ í•˜ì´ì—”ë“œ #ì ˆì¶©í˜•ìœ ëª¨ì°¨ !
nikluge-sa-2022-train-01160,ìš”ê±° ì•„ì£¼ íš¨ê³¼ ì¢‹ë„¤ìš”ðŸ‘
nikluge-sa-2022-train-01260,ìˆ˜ìž‘ì—…ìœ¼ë¡œ ì±„ì·¨í•œ ìžì—°ìƒíƒœ ê·¸ëŒ€ë¡œì˜ ë²šê½ƒìžŽì´ ë“¤ì–´ìžˆëŠ” ë§¤ë ¥ì ì¸ ë°”ë””ì›Œì‹œì—ìš”.
nikluge-sa-2022-train-00110,ë‹¤ë§Œ ë„·ë¶ ì´ìš©ì‹œì—ëŠ” ì—­ì‹œ ë§ˆìš°ìŠ¤ëŠ” ìž‘ì•„ì•¼ íŽ¸í•˜ë‹ˆ ì´ëŸ° ì ì„ ê°ì•ˆí•œë‹¤ë©´ ë¶ˆê°€í”¼í•œ í¬ê¸°.
nikluge-sa-2022-train-00261,ì»¬ëŸ¬ ì—†ëŠ” ì„¸ìƒì„ ë§Œë“¤ê³  ì‹¶ì–´í•˜ëŠ” ì¿ íŒŒëŒ€ë§ˆì™•ìœ¼ë¡œë¶€í„° í”¼ì¹˜ê³µì£¼ë¥¼ êµ¬í•´ì¤„ ì»¬ëŸ¬í’€í•˜ê³  ê·€ì—¬ìš´ 16ê°€ì§€ ìŠˆì—ë¬´ë¼xìŠˆí¼ë§ˆë¦¬ì˜¤ #í™€ë¦¬ë°ì´ì»¬ë ‰ì…˜ ì™„ì „ê¸°ëŒ€ì¤‘~~ã…Žã…Ž
nikluge-sa-2022-train-01362,ì²­ì†Œí—¤ë“œë¡œ ì†ì´ ë‹¿ì§€ ì•ŠëŠ”ê³³ ê°€êµ¬ ë°‘ë„ ì†ì‰½ê²Œ ì²­ì†Œê°€!â™¥ï¸
nikluge-sa-2022-train-00712,CJì˜¤ì‡¼í•‘ì— ë“œë””ì–´ ìƒë¥™í–ˆë‹¤ëŠ”ë°.. ê³„ì† ëŒë¦¬ë„¤ìš©ã…Žã…Žã…Ž
nikluge-sa-2022-train-01936,ì„¸ë ¨ë˜ê³  ìš°ì•„í•œí–¥~
nikluge-sa-2022-train-01550,ë¶ˆí•„ìš”í•œ ê²ƒì€ ë¹„ìš°ê³  í•„ìš”í•œ ê²ƒì€ ì±„ìš°ëŠ” #ë¹„ì›€ì£¼ë°©ì„¸ì œ
nikluge-sa-2022-train-00720,í¬ë¦¼ì²˜ëŸ¼ ëˆì ìž„ì´ ìžˆì§€ ì•Šì„ê¹Œ ì‹¶ì—ˆëŠ”ë°.. ëˆì ìž„ì´ ì—†ì´ ë¶€ë“œëŸ¬ìš´ ë°œë¦¼ì„±ì—.. í”¼ë¶€ì— ê¹Šì´ ìŠ¤ë©°ë“¤ì–´ ì˜¤ëž˜ ì§€ì†ë˜ëŠ” í–¥~~
nikluge-sa-2022-train-01707,ìžê¸° ì „ ë“¬ë¿ ë°œë¼ ìˆ˜ë©´íŒ©ìœ¼ë¡œ ì‚¬ìš©í•˜ë©´ ì•„ì¹¨ì— í”¼ë¶€ê°€ ë³´ë“¤ë³´ë“¤ ì«€ì«€í•˜ëŠë‚Œì´ì—ìš”
nikluge-sa-2022-train-02131,ë””ìžì¸ë„ ë¶ìœ ëŸ½í’ì— êµ°ë”ë”ê¸°ì—†ì–´ìš”~
nikluge-sa-2022-train-00960,ì„ ëª…í•œ ì‹œì•¼í™•ë³´ ìƒí¼í•œí–¥!
nikluge-sa-2022-train-01163,ì†Œí˜•ì‚¬ì´ì¦ˆìž„ì—ë„ ê¸°ëŠ¥ì´ ë‹¤ì–‘í•œë°ìš”.
nikluge-sa-2022-train-00100,ë°©ì•ˆì—ì„œ ì°ì–´ì„œ ìƒ‰ê°ì˜ ì™œê³¡ì´ ìžˆì§€ë§Œ ë°–ì—ì„œ ë³´ë©´ ì°¸ ê³±ë‹¤. ã…‹ã…‹
nikluge-sa-2022-train-00149,ë”êµ°ë‹¤ë‚˜ ì—¬ë¦„ì²  ì•¼ì™¸ í™œë™í•  ë•Œ ëª¨ê¸°ê¸°í”¼ì œë¡œ ë§Žì´ ì“°ëŠ” ë ˆëª¬ê·¸ë¼ìŠ¤ í–¥ì´ ìžˆì–´.. ì•¼ì™¸í™œë™ ì† í”¼ë¶€ë¥¼ ë³´í˜¸í•´ì£¼ëŠ” #ì¼ë¦¬ìœ¤ ì˜ #ë°”ë””ë¯¸ìŠ¤íŠ¸ì¶”ì²œ ì‹ ìƒì œí’ˆ
nikluge-sa-2022-train-00474,ì¸ì •
nikluge-sa-2022-train-00321,"ì „ì„±ë¶„ EWG ê·¸ë¦° ë“±ê¸‰, ìžì—°ìœ ëž˜ì„¸ì •ì œë¡œ ì•„ì´ëŠ” ë¬¼ë¡  ë¯¼ê°í•œ ë¶„ë“¤ë„ ë‹¤ ì‚¬ìš©í•˜ê¸° ì¢‹ì„ê²ƒ ê°™ì•„ìš”~"
nikluge-sa-2022-train-01692,#ížˆí”¼íŽŒ í•˜ê³ ë‚˜ë‹ˆ ë¶€ì‹œì‹œí•¨ ëíŒì™•ì´ì—ˆëŠ”ë° ë°€í¬ë°”ì˜¤ë°¥ ì»¬ë§ì—ì„¼ìŠ¤ ì‚¬ìš©í•˜ë‹ˆ ì°¨ë¶„í•´ì§€ë©´ì„œ ì»¬ë§ì€ ì‚´ì•„ìžˆê³ ..ì™„ì „ ì¢‹ì•„ìš”!
nikluge-sa-2022-train-02973,ì´ë ‡ê²Œ ê°„íŽ¸í• ìˆ˜ê°€ ì‹ ì„¸ê³„ìž„
nikluge-sa-2022-train-02917,ìˆ˜ë¶„ ê³µê¸‰ê³¼ ë™ì‹œì— ìˆ˜ë¶„ë³´í˜¸ë§‰ì„ ë§Œë“¤ì–´ì£¼ì–´ ì´‰ì´‰í•˜ê³  ìƒê¸°ìžˆê²Œ ë§Œë“¤ì–´ì£¼ëŠ” #ë‹´ì ¤í¬ë¦¼
nikluge-sa-2022-train-00852,ì •ë§ ì«€ëœ©í•œ ì œí˜•ê°ì— ë†€ë¼ìš´ #ë™ì¸ë¹„ì§„ì—ì„¼ìŠ¤ ..
nikluge-sa-2022-train-01262,ê½ƒìžŽ ì—ì„¼ìŠ¤ê°€ í”¼ë¶€ì˜ ìˆ˜ë¶„ê°ì„ ì¦ê°€ì‹œí‚¤ê³  ê±´ì¡°í•˜ì§€ ì•Šê²Œ ë„ì™€ì£¼ê¸°ê¹Œì§€ í•˜ë‹ˆ ì´ê±° ì•„ë‹˜ ë‹¤ë¥¸ ì œí’ˆì€ ëª» ì“¸ ê²ƒ ê°™ì•„ìš”!!
nikluge-sa-2022-train-01851,ì–¼êµ´ê³¡ë©´ì„ ë”°ë¼ ë¶€ë“œëŸ½ê²Œ ë°œë¼ì§€ê³  ëˆì í•¨ì´ ì „í˜€ ì—†ì´ í™”ì‚¬í•˜ê³  í•‘í¬ë¹›ìœ¼ë¡œ í†¤ì—…~~
nikluge-sa-2022-train-02202,ê³ ë†ì¶• í€´ë…¸ì•„ ì„±ë¶„ì„ í•¨ìœ í•´ 1íšŒ ì‚¬ìš©ë§Œìœ¼ë¡œë„ ê·¹ì†ìƒ ëª¨ë°œì„ 40% ë¹ ë¥´ê²Œ ê°œì„ ì‹œì¼œ ì¤˜ìš”
nikluge-sa-2022-train-02942,ê·¸ëž˜ì„œ ì²˜ìŒì—ëŠ” ì´ê±° íš¨ê³¼ìžˆëŠ”ê±° ë§žì•„? ì‹¶ì—ˆëŠ”ë° ë°¤ì— ë°”ë¥´ê³  ë”± ìžê³ ì¼ì–´ë‚˜ë©´ ì§„ì§œ ê¸‰ê²©í•˜ê²Œ ë§ëž‘í•´ì§„ ë’¤ê¿ˆì¹˜ ì²´í—˜í•  ìˆ˜ ìžˆì—ˆìŠµë‹ˆë‹¹~
nikluge-sa-2022-train-02287,ì‹œí—˜ì‚¼ì•„ í•˜ë‚˜ë§Œ í–ˆëŠ”ë° ì„±ê³µê°!
nikluge-sa-2022-train-00269,ë¬´ì—‡ë³´ë‹¤ ë§¨ì†ì„¤ê±°ì§€ê°€ ê°€ëŠ¥í•˜ë„¤ìš”!!
nikluge-sa-2022-train-02960,ë§‰ë¬´ê°€ë‚´ ì† ì“°ëŠ” ê²ƒ ë³´ë‹¤ ë„êµ¬ë¥¼ ì¨ì•¼ ì˜¤ëž˜ ê¹”ë”í•˜ê²Œ ìœ ì§€í•  ìˆ˜ ìžˆë‹¤ê³ 
nikluge-sa-2022-train-00532,ë‚˜ì²˜ëŸ¼ ì¨í•˜ê²Œ í’€ë¦½ ë°”ë¥´ë©´ #ì—°ë§íŒŒí‹° ë©”ì´í¬ì—… ì‰½ê²Œ ì™„ì„±í•  ìˆ˜ ìžˆê² ë”ë¼êµ¬ìš” ã…Žã…Ž
nikluge-sa-2022-train-00755,íœ´ëŒ€ë„ íŽ¸ë¦¬í•˜ë‹ˆ ê³§ ë‹¤ê°€ì˜¤ëŠ” íœ´ê°€ì‹œì¦Œ ê¼­ ì±™ê²¨ê°€ì„œ ê¾¸ì¤€ížˆ ì‚¬ìš©í•˜ë ¤êµ¬ìš”ã…Ž
nikluge-sa-2022-train-02645,ë¸Œë§ê·¸ë¦° #ì‹œíŠ¸ë§ˆìŠ¤í¬ ë‹ˆê°€ ì œëŒ€ë¡œ ë³´ì—¬ì£¼ëŠ”êµ¬ë‚˜!
nikluge-sa-2022-train-02342,êµ¬ë¦„ê°™ì´ ê°€ë²¼ìš´ ë³´ì†¡ë³´ì†¡í•œ í…ìŠ¤ì³ë¼ ì‹¤í‚¤í•œ ë§ˆë¬´ë¦¬ ë² ë¦¬êµ¿!
nikluge-sa-2022-train-00197,ìŠ¤íŠ¸ë ˆìŠ¤ ë§Žì€ ìš”ì¦˜ ì²œì—° ì•„ë¡œë§ˆì˜¤ì¼ì´ í•¨ìœ ëœ #ìž…ì†œ ë©”ì´ì°½ ìœ ì¹¼ë¦¬íˆ¬ìŠ¤ ë¯¸ìŠ¤íŠ¸ë¡œ ì•„ë¡œë§ˆí…Œë¼í”¼ë„ í•˜ê³  í”¼ë¶€ì˜ ê±´ì¡°í•¨ë„ ìž¡ì•„ìš”!
nikluge-sa-2022-train-01593,ëœ¨ê±°ìš´ íƒœì–‘ í”¼í•˜ê³  ì‹¶ì€ ìš”ì¦˜ #ìžì™¸ì„ ì°¨ë‹¨ì œ ì¶”ì²œ!!
nikluge-sa-2022-train-01617,"í”¼ë¶€ì— ë‹¿ìœ¼ë©´ì„œ ë¶€ë“œëŸ½ê²Œ ë…¹ì•„ ëª¨ê³µ, ìš”ì² , ìž”ì£¼ë¦„ì„ ìžì—°ìŠ¤ëŸ½ê²Œ ì»¤ë²„í•´ì£¼ë„¤ìš”."
nikluge-sa-2022-train-01876,ì«€ì«€í•˜ë©° ëˆì ìž„ì—†ì´ ë°œë¦¬ì„±ì´ ì¢‹ìœ¼ë©° ì´‰ì´‰í•¨ì´ ì˜¤ëž˜ê°€ìš”~
nikluge-sa-2022-train-01287,ìˆ˜ìš©ì„± ì €ë¶„ìž ì–´ë¥˜ì½œë¼ê²ì„±ë¶„ì˜ ë² ì´ìŠ¤ë¡œ ìˆ˜ë¶„ë³´ì¶©ê³¼ ë™ì‹œì— íƒ„ë ¥ê¹Œì§€ ë³´ì¶©í•´ ì£¼ëŠ” ì—ì„¼ìŠ¤ì—ìš”.
nikluge-sa-2022-train-00552,#í”¼ë¶€ìž¬ìƒ #í”¼ë¶€ìž¥ë²½ê°•í™” #íƒ„ë ¥ #ì˜ì–‘ê³µê¸‰ ì„ ë„ì™€ì£¼ì–´ì„œ í”¼ë¶€ê³¼ ì‹œìˆ  í›„ì— ì‚¬ìš©í•´ë„ ì¢‹ë‹¤ê³  í•´ìš”!
nikluge-sa-2022-train-02562,"ì—¬ë“œë¦„ìš©, ì£¼ë¦„ìš©, í™”ì´íŠ¸ë‹ ë“±ë“± ì´ ê²ƒ ì € ê²ƒ ì³ë°œì³ë°œ í•˜ë˜ ì˜ˆì „ê³¼ëŠ” ë‹¤ë¥´ê²Œ #í”¼ë¶€ë¿Œë¦¬ë¶€í„°íž˜ìžˆê²Œ #ìŠ¤í‚¨ì¼€ì–´ í•´ì£¼ë‹ˆ ê°•í•œ #í™”ìž¥í’ˆì„ ì°¾ì§€ ì•Šê²Œ ë˜ë”ë¼êµ¬ìš”~"
nikluge-sa-2022-train-02352,ê³§ ë‹¤ê°€ì˜¤ëŠ” ë°œë Œíƒ€ì¸ë°ì´ ë‚¨ì¹œ ì„ ë¬¼ ì¶”ì²œ!!
nikluge-sa-2022-train-01223,#ë¶ˆë§Œì¡±ì‹œí™˜ë¶ˆ ì´ë¼ë‹ˆ ì œí’ˆì— ëŒ€í•œ ì‹ ë¢°ë„ê°€ ê·¸ë§Œí¼ ë†’ë‹¤ëŠ”ê±°ê² ì£ ã…Žã…Ž
nikluge-sa-2022-train-00798,ê°€ë³ê²Œ ìžì—°ìŠ¤ëŸ½ê²Œ ì‚¬ìš©í•´ìš”ðŸ’•
nikluge-sa-2022-train-00575,ì‚¬ìš´ë“œëŠ” ë§í•  ê²ƒë„ ì—†ì´ ì—„ì§€ì²™ì´ì—ìš© ã…Žã…Ž
nikluge-sa-2022-train-01402,2ê°€ì§€ í…€ë¸”ëŸ¬ë¥¼ ì»¬ëŸ¬ë¯¹ìŠ¤ë§¤ì¹˜ ì²´ì¸ì§€í•˜ë©´ ì„¼ìŠ¤ìžˆëŠ” ì»¤í”Œí…€ë¸”ëŸ¬ ì™„ì„±ðŸ’•
nikluge-sa-2022-train-00203,ì•½ì‚°ì„±ì´ë¼ ìœ ìˆ˜ë¶„ì˜ ê· í˜•ì„ ë§žì¶°ì£¼ëŠ” ìƒ´í‘¸ëžë‹ˆë‹¤!
nikluge-sa-2022-train-01814,ë¯¸ë°±ì£¼ë¦„ê°œì„ ì— ìžì™¸ì„ ì°¨ë‹¨ê¹Œì§€ í•˜ë‚˜ë§Œ ë°œë¼ë„ ok!
nikluge-sa-2022-train-01947,ì™„ì „ì†Œìž¥ê°ðŸ’–
nikluge-sa-2022-train-01582,#í”¼ë¶€íƒ„ë ¥ ë†’ì´ê³  #ìœ ìˆ˜ë¶„ë°¸ëŸ°ìŠ¤ ë§žì¶”ê³  #í™”ì‚¬í•œí”¼ë¶€í†¤ ìœ¼ë¡œ ì§€ì¼œì£¼ë‹ˆ..ðŸ–’
nikluge-sa-2022-train-01013,í•„ë¦½ìŠ¤ê°™ì€ ìœ ëª… ë¸Œëžœë“œëŠ” ì•„ë‹ˆì§€ë§Œ ì´ìŠˆê°€ ëœ ì „ìžíŒŒí…ŒìŠ¤íŠ¸ë„ í†µê³¼í–ˆë‹¤ë„¤ìš”.
nikluge-sa-2022-train-00743,ë¶€ë“œëŸ½ê³  ì«€ì«€í•œê±°í’ˆì—.. ëª¨ë°œíí‹°í´ì†ìƒ ë‘í”¼ í”¼ì§€ê°ì§ˆ ë‘í”¼ì§„ì • ê°œì„ ê¹Œì§€ í™•ì‹¤í•˜ë„¤:)
nikluge-sa-2022-train-02974,ë¶™ìž„ë¨¸ë¦¬ í—¤ì–´í”¼ìŠ¤ í•œ ë²ˆì¯¤ ìƒê°í•´ë´¤ë‹¤ë©´ ì£¼ì €ë§ê³  ì‹¬ì§€ì–´ ë§ˆì´ ë¹„ì‹¸ì§€ë„ ì•Šìœ¼ë‹ˆ í”½ì•¤ì›¨ì–´ í•œ ë²ˆ ê³ ë ¤í•´ë³´ì‚¼
nikluge-sa-2022-train-00922,130cm/24kg ë”¸ 13í˜¸ ìž…ì—ˆëŠ”ë° ì‚¬ì´ì¦ˆëŠ” ì¢€ ë„‰ë„‰í•˜ê²Œ ë‚˜ì˜¨ê±° ê°™ì•„ìš”~
nikluge-sa-2022-train-00802,ë¯¼ê°í•œ ì•„ê¸° í”¼ë¶€ì— í•„ìš”í•œ ë³´ìŠµì„ ë“¬ë¿
nikluge-sa-2022-train-01647,í•˜ì§€ë§Œ #ë§ˆë”ìŠ¤í”½ ë„¤ì¼ì»¬ëŸ¬ ë§Œë‚˜ê³ ëŠ” ê±±ì •ë!!
nikluge-sa-2022-train-02027,í–¥ê¸°ìž¥ì¸ #ë°ë©”í…Œë¥´
nikluge-sa-2022-train-01976,ë¶€ë“œëŸ¬ìš´ ì œí˜•ìœ¼ë¡œ ëˆì ìž„ì—†ì´ ì˜ì–‘ ì´‰ì´‰ë³´ìŠµë„ ì±™ê²¨ì£¼ê¸° ì¢‹ì•„ìš”
nikluge-sa-2022-train-01278,ë°”ë¡œ íš¨ê³¼ë¥¼ ë³¼ ìˆ˜ ìžˆëŠ” íŒ©ì„ ì›í•˜ì‹ ë‹¤ë©´ ì •ë§ ì§„ì‹¬ìœ¼ë¡œ ì¶”ì²œë“œë ¤ìš”!!
nikluge-sa-2022-train-00050,ë„ˆë¬´ ì¢‹ë‹¤..
nikluge-sa-2022-train-01346,#í•«íŒ©ì¶”ì²œ
nikluge-sa-2022-train-02921,ë‚´ ì¸ìƒ ë¦½ìŠ¤í‹± NARS
nikluge-sa-2022-train-00596,ì™„ì „ ìµœê³ â€¦â€¦ðŸ‘ðŸ»ðŸ‘ðŸ»
nikluge-sa-2022-train-00943,ë‹¬ì½¤í•œ ë§ê³ í–¥ê¸° ë„˜ë„˜ ì¢‹ì•„~
nikluge-sa-2022-train-01311,ìš”ì¦˜ë‚ ì”¨ì— ì´‰ì´‰ë‹´ë‹¹ í†¡í†¡ížˆ í•˜ëŠ”~!
nikluge-sa-2022-train-01526,ë„ˆë¬´ ì¢‹ë‹¤!!
nikluge-sa-2022-train-00098,ì•„ë””ë‹¤ìŠ¤ì˜ ìƒì§•ì¸ ì‚¼ì„ ì´ ì—†ì–´ì„œ ì¢‹ë‹¤.
nikluge-sa-2022-train-00307,í”ì ë§Žì€ ë‚˜ì—ê²Œ ë”±ì¸ ìž¬ìƒí¬ë¦¼ì¸ #ìƒˆì‚´í¬ë¦¼
nikluge-sa-2022-train-01084,5ê°€ì§€ ë…¸í™”ì˜ˆë°© íš¨ê³¼ì„±ë¶„ í•¨ìœ ë¡œ ë¶€ë“œëŸ¬ìš´ í†¤ì—…íš¨ê³¼ê¹Œì§€ ë³¼ìˆ˜ìžˆëŠ” í¬ë¸Œë¦¬ì— ì„ ë¸”ëŸ­ ì•„ì¿ ì•„ ë¼ì´íŠ¸ V2
nikluge-sa-2022-train-02269,íŠ¹ížˆ sns í•˜ëŠ” ë¶„ë“¤ì—ê²Œ ìš”ë¡  ê±° í•˜ë‚˜ ìžˆìœ¼ë©´ ì‚¬ì§„ë‘ ê¸°ê°€ë§‰ížˆê²Œ ë‚˜ì™€ìœ ~~
nikluge-sa-2022-train-00021,ì „ìžì‚¬ì „ ê¸°ëŠ¥ì€ í›Œë¥­í•œë° ì´ëŸ° ê²Œ ê³ ìž¥ì´ ì—†ì–´ì•¼ì§€.. ã…œ ã…œ ã…œ ã…œ ã…œ
nikluge-sa-2022-train-01156,ì •ë§ ì†Œê·¼ìœ¡ë°œë‹¬ì— ì¢‹ì€ ìž¥ë‚œê° í•˜ë‚˜ ë“í…œí–ˆì–´ìš”!!
nikluge-sa-2022-train-01026,#ë¯¸êµ­íŒë§¤1ìœ„ #ë°”ë‹ˆí¬ë¦¼ ì§„ì§œ ë„˜ì¢‹ë„¤ìš”
nikluge-sa-2022-train-01972,ë³¼ë¥¨ìžˆëŠ” ê´‘íŒ¨í”¼ë¶€ë¡œ 50ì‹œê°„ì§€ì†
nikluge-sa-2022-train-01469,ì£¼ 1íšŒ ì‚¬ìš©ìœ¼ë¡œ ê°„íŽ¸í•˜ê²Œ ì¼€ì–´í•  ìˆ˜ ìžˆëŠ” #ë§ˆìŠ¤í¬íŒ©ì¶”ì²œ
nikluge-sa-2022-train-02678,ë°¤ì— ìˆ˜ë©´íŒ© ëŒ€ìš©ìœ¼ë¡œ ì‚¬ìš©í•  ìˆ˜ë¶„í¬ë¦¼ ì°¾ë‹¤ê°€ í•‘í¬ë•í›„(ì˜€ëŠ”ë°) ë§ˆìŒì„ ìš¸ë¦¬ëŠ” íŒ¨í‚¤ì§€ì— ë°˜í•´ ë§ì„¤ìž„ì—†ì´ É¢á´‡á´› Ë‡Íˆáµ•Ë‡Íˆ
nikluge-sa-2022-train-00987,ì—„ë§ˆë”°ë¼í•˜ê¸°ë¥¼ ì¢‹ì•„í•˜ëŠ” ì•„ì´ë“¤ì—ê²Œ ì•ˆì„±ë§žì¶¤ #ì•„ì´ë¦½ë°¤
nikluge-sa-2022-train-01914,"ì„¸ëŸ¼,ì˜¤ì¼,ë¯¸ìŠ¤íŠ¸,í† ë„ˆ,ì•°í”Œì„ í•œë³‘ì— ì˜ì˜¥~ ë‹´ì•„ #ìŠ¹ë¬´ì›ì„¸ëŸ¼ ì´ë¼ê³  ë¶€ë¥´ì§€ìš”~"
nikluge-sa-2022-train-01721,ì•„ì§ &name&ëŠ” ë£°ì„ ë‹¤ ì´í•´ëª»í•´ì„œ ì§€ë“¤ë§Œì˜ ë°©ì‹ìœ¼ë¡œ ë†€ì•˜ëŠ”ë°.. ì–´ì°Œë‚˜ ì¢‹ì•„í•˜ë˜ì§€ ì„œë¡œ ì—­í• ì„ ë°”ê¿”ê°€ë©° ì£¼ë§ë‚´ë‚´ ê²Œìž„ì„ ì¦ê²¼ë‹¤.
nikluge-sa-2022-train-02997,(ìŠ¬í””)
nikluge-sa-2022-train-02988,- ì§€ìš°ë©´ì„œë„ í”¼ë¶€ì— ë­ ë‚¨ëŠ”ê±° ì—†ì´ ê¹”ë”í•œ ëŠë‚Œ
nikluge-sa-2022-train-00327,ì˜ˆë¯¼í•œ í”¼ë¶€ì—ë„ ì¶”ì²œ!
nikluge-sa-2022-train-02829,ê·¼ë° ë©°ì¹  ì¨ë³´ë‹ˆê¹Œ í”¼ë¶€í†¤ì´ ë§‘ì•„ì§€ëŠ” ëŠë‚Œì´ ìžˆìŒ
nikluge-sa-2022-train-02616,ì˜ˆìœ #ë‹¤ì´ì¹˜ìœ ëª¨ì°¨ ì•‰ì•„ ê¸°ë¶„ ì¢‹ì•„?
nikluge-sa-2022-train-02107,ì•Œê³  ë³´ë‹ˆ 100% ìœ ê¸°ë† ìˆœë©´ì´ë¼ ìƒë¦¬í†µ ì¦ìƒë„ ì¤„ì—¬ì¤€ë‹¤í•´ì„œ ë”ìš± ì•ˆì‹¬ í•˜ê³  ì‚¬ìš©í•´ìš”~
nikluge-sa-2022-train-00481,íŠ¹ížˆ ìš”ì¦˜ì€ ê³„ì† í”¼ë¶€ ì»¨ë””ì…˜ì´ ì•ˆì¢‹ì•„ì„œ ì¢ìŒ€ íŠ¸ëŸ¬ë¸”ì´ ë§Žì´ ìƒê²¨ì„œ.. í•„ìˆ˜í…œì´ì£µ!
nikluge-sa-2022-train-00511,ì € ì²˜ëŸ¼ ì¡°ê¸ˆ ì˜ˆë¯¼í•˜ê³  ê±´ì¡°í•˜ì‹  ë¶„ë“¤ê»˜ëŠ” ê¼­ ì¨ë³´ì‹œê¸¸ ì¶”ì²œì¶”ì²œ ã…Žã…Ž
nikluge-sa-2022-train-01749,ë¦¬í”„íŒ…ì—” ì´ê±°ë§Œí•œê²Œì—†ì§€ðŸ‘ðŸ»
nikluge-sa-2022-train-01573,ìƒí•˜ì¢Œìš° íšŒì „ì´ ë˜ë‹ˆ ê³µê¸°ìˆœí™˜ì— ë” ë„ì›€ì´ ë˜ëŠ”ë“¯ìš”~
nikluge-sa-2022-train-00792,ê¸°ì¡´ ê¶ë ¨í˜• ì „ìžë‹´ë°°ì˜ ë‹¨ì ì„ ë³´ì™„í•˜ê³  ìƒˆë¡œìš´ ê¸°ëŠ¥ì„ ì¶”ê°€í•´ ë‚˜ì˜¨ ì œí’ˆ!
nikluge-sa-2022-train-01973,ì†ŒëŸ‰ìœ¼ë¡œë„ ê²° ì»¤ë²„ê¹Œì§€ ê°€ëŠ¥
nikluge-sa-2022-train-02283,ë˜¥ì†ì¸ ì¹œêµ¬ê°€ ì—¬ê¸°êº¼ ë„˜ íŽ¸í•˜ë‹¤ë©° ì¶”ì²œí•˜ê¸¸ëž˜ ì„ íƒí–ˆëŠ”ë° ì§„ì§œ ì¢‹ë„¤-
nikluge-sa-2022-train-02608,ëˆì ì´ì§€ ì•Šê²Œ ì´‰ì´‰í•˜ê²Œ ìŠ¤ë©°ë“¤ë©´ì„œ í”¼ë¶€ ê¹Šìˆ™ížˆ ì«€ì«€í•´ì§€ëŠ” ëŠë‚Œ!
nikluge-sa-2022-train-01930,ê¸°ë¶„ì¢‹ê²Œ ì„¸ì•ˆí•˜ê¸° ì™„ë£Œ~
nikluge-sa-2022-train-01941,ë¬´ê²ì§€ì•Šê³  ì‚°ëœ»í•˜ê²Œ ì´‰ì´‰í•˜ê²Œ ë°”ë¥¼ìˆ˜ ìžˆëŠ” #í¬ë¦¼
nikluge-sa-2022-train-01410,í™”í•™ì„±ë¶„ì„ ì¤„ì´ê³  ìžì—°ìœ ëž˜ì„±ë¶„ í™”ìž¥í’ˆì´ë¼ #í† ë„ˆ #í´ëžœì € #ë¯¸ìŠ¤íŠ¸ëŠ” ë¬¼ë¡  ì„ í¬ë¦¼ê¹Œì§€ ìš”ì¦˜ ì œê°€ ì• ì •í•˜ë©° ì‚¬ìš©ì¤‘ì´ì—ìš” ðŸ’›
nikluge-sa-2022-train-02611,#ë¬´ë„ˆì§ ì—†ì´ ì—¬ë¦„ ë‚´ë‚´ ë„˜ë‚˜ ìž˜ ì‚¬ìš©í–ˆì—ˆë˜ #íŒŒìš´ë°ì´ì…˜ ðŸ’•
nikluge-sa-2022-train-02940,ì´ í¬ë¦¼ì— ë“¤ì–´ìžˆëŠ” ížˆì•Œë£¨ë¡ ì‚° ì„±ë¶„ì´ í”¼ë¶€ì— ê°ì§ˆì´ ìŒ“ì´ëŠ” ì›ì¸ì¸ ê±´ì¡°í•¨ì„ í•œë²ˆë” ìž¡ì•„ì£¼ë©´ì„œ ì €ì ˆë¡œ ê°ì§ˆ íƒˆë½ì„ ìœ ë„í•˜ë‹ˆê¹Œ ë” ê¸ˆë°© ì•„ê¸°ë°œ ë§Œë“¤ê¸° ì„±ê³µí•  ìˆ˜ ìžˆëŠ”ê±°ì£±!
nikluge-sa-2022-train-02919,ë‘˜ë‹¤ ë‹µë‹µí•˜ì§€ ì•Šì€ í¬ë¦¼ì´ë¼ ì—¬ë¦„ì— ì‚¬ìš©í•˜ê¸° ë”±ì´ì—ìš”
nikluge-sa-2022-train-02175,ë§Œì ¸ë³´ë©´ ë¶€ë“œëŸ¬ì›€ì´ ë”± ëŠê»´ì ¸ìš”ðŸ‘ðŸ»
nikluge-sa-2022-train-02004,ë°±ë„ë³µìˆ­ì•„í–¥ ì†”ì†”~
nikluge-sa-2022-train-02669,#ì‰¬ë“œì—˜ì•„í‹°ìŠ¤íŠ¸ì›¨ì–´ìŠ¤í‚¨í•ë“€ì–¼ì»¨ì‹¤ëŸ¬ ë‚´ë§ˆìŒ #ì»¨ì‹¤ëŸ¬ìˆœìœ„ 0ë²ˆ ðŸ˜™ðŸ˜™
nikluge-sa-2022-train-01065,í•˜ë£¨ í•œìž¥ì”© ëœ¯ì–´ ì‚¬ìš©í›„ ë°”ë¡œ ë²„ë¦¬ê¸° ë•Œë¬¸ì— ê°„íŽ¸í•˜ê¸°ë„ í•˜ê³  ì£¼ë°©ë„ ì²­ê²°í•´ì§€ì£ ~
nikluge-sa-2022-train-02208,"ëª¨ê³µ, ê°ì§ˆ ë¶€ê°ì´ ë˜ì§€ ì•Šë„¤ìš”"
nikluge-sa-2022-train-02220,ë°±ì‚¼ ë¯¸ë°± ì„±ë¶„ì´ ë§‘ê³  íˆ¬ëª…í•œ ì–´ë¦° í”¼ë¶€ ë¹›ì„ ëŒì–´ì˜¬ë ¤ì¤€ëŒ€ìš”â™¥ï¸
nikluge-sa-2022-train-01249,ì‚¬ìš©ì•ˆí•´ë³´ì‹  ë¶„ë“¤ ì¶”ì²œë“œë ¤ìš©^^
nikluge-sa-2022-train-01235,ì—¬ë¦„ì² ì´ë¼ #ìŒì‹ë¬¼ì“°ë ˆê¸° ë•Œë¬¸ì— ëŠ˜ ê³ ë¯¼ì¸ë°ðŸ¤®ðŸ¤® ê³¼ì¼ì´ë‚˜ ì•¼ì±„ ì†ì§ˆí•œ í›„ ë§ˆì´ìŠ¤ ìŒì‹ë¬¼ì“°ë ˆê¸°ë´‰íˆ¬ì— ë°”ë¡œ ë°€ë´‰í•´ì„œ #ìŒì‹ë¬¼ì“°ë ˆê¸°í†µ ì— ë²„ë¦¬ë©´ ë¼ì„œ ëƒ„ìƒˆì—†ì´ ìœ„ìƒì ìœ¼ë¡œ ê´€ë¦¬í• ìˆ˜ìžˆì–´ìš”ðŸ’š
nikluge-sa-2022-train-02697,#ëª¨ë‘ë‹ˆíŠ¸ ìµì˜¤ðŸ‘
nikluge-sa-2022-train-02365,ê±°ë¶ëª©ê³¼ êµ½ì€ ë“± ê°œì„ ì— ë„ì›€ëœë‹¤ë‹ˆ ì•žìœ¼ë¡œ ê¾¸ì¤€ížˆ ì‚¬ìš©í•´ì•¼ê² ìœ¼ìš” !
nikluge-sa-2022-train-02024,ê³ í˜¸ì ì¸ #ëŸ°ë˜ìŠ¤ìœ„íŠ¸
nikluge-sa-2022-train-01767,ì œê°€ ì‚¬ìš©í•´ ë³¸ê²ƒì¤‘ì— ë‹¨ì—° ìµœê³ ë¼ê³  í• ìˆ˜ ìžˆëŠ”Â #ì•„ì´ë¦´ë¦¬í”„ #ë¸”ëž™ë¯¸ë¼í´ë§ˆìŠ¤í¬ ^^
nikluge-sa-2022-train-01241,ì§€ê¸ˆ 1+1 í–‰ì‚¬ë„ í•˜ë‹ˆ ë˜ ìŸì—¬ë†”ì•¼ì§€~~ðŸ˜
nikluge-sa-2022-train-00644,ì—¬ì „ížˆ ì‚¬ìš©ê°ì€ ë„ˆë¬´ ì¢‹ì€ë° íŒ¨í‚¤ì§€ëŠ” ë” ì„¸ë ¨ë˜ê²Œ ë³€í•œ ê²ƒ ê°™ì•„ìš”.
nikluge-sa-2022-train-01613,êµ¿~ðŸ–’
nikluge-sa-2022-train-01666,ì§±ì§±í•¨ ê°‘!!
nikluge-sa-2022-train-00672,"5. ì—ìŠ¤í…Œí‹±, í”¼ë¶€ê³¼ ê°€ì§€ ì•Šì•„ë„ ì§‘ì—ì„œ íŽ¸í•˜ê²Œ í”¼ë¶€ ê´€ë¦¬ ê°€ëŠ¥í•œ ì•°í”Œ ì¨ë³´ê³ ë‚˜ë‹ˆ ë‹¤ ê³µê°ê°€ëŠ” ìž¥ì ë“¤ì´ì—ìš”"
nikluge-sa-2022-train-02656,ì‹œì–´ë¨¸ë‹˜ì´ #ì„ ë¬¼ í•´ì£¼ì‹  #íŒ¨ë”© ë§˜ì— ì™ë“¤ê³  ðŸŽ¶
nikluge-sa-2022-train-02457,ë‹¤ë¥¸í™‹ìˆ˜ë„ ìŸì—¬ì•¼ê²Œëœ¸!!!!
nikluge-sa-2022-train-00735,#ë§ˆë”ì¼€ì´ ë¬¼í‹°ìŠˆëŠ” í•œìž¥ì”©ë§Œ ë½‘í˜€ ì„¸ê· ë…¸ì¶œì´ ë˜ì§€ì•Šì•„ ìœ„ìƒì ì¸ #ì•ˆì „í•œë¬¼í‹°ìŠˆ ë¼ì„œ.. ì¢‹ì€ê²ƒë§Œ ì£¼ê³ ì‹¶ì€ ì—„ë§ˆì˜ ë§ˆìŒìœ¼ë¡œ #ì•„ê¸°ë¬¼í‹°ìŠˆ ì„ íƒí•˜ê²Œ ë˜ë„¤ìš”:)
nikluge-sa-2022-train-01393,ê°„ì‹ê·¸ë¦‡ìœ¼ë¡œë„ í™œìš©ðŸ˜†
nikluge-sa-2022-train-01634,ëŠ˜ì–´ì§„ ëª¨ê³µì„ ì¡°ì—¬ì£¼ëŠ” #í¬ì¼“ì—ì„¼ìŠ¤
nikluge-sa-2022-train-00567,í˜¹ì‹œ ë‚˜ë³´ë‹¤ ë” ë˜‘ë˜‘í•œê±´ ì•„ë‹ê¹Œ?ã…‹ã…‹
nikluge-sa-2022-train-00489,"ìŠ¤íŠœë””ì˜¤ì—ì„œ ì´¬ì˜í•˜ë“¯, ìŠ¤í¬íŠ¸ë¼ì´íŠ¸ ì¡°ëª…ì„ ì´ì£¼ëŠ”ë° ì–´ë‘ìš´ ê³³ì—ì„  ì–´ë‘ìš´ ê³³ëŒ€ë¡œ ë°ì€ ê³³ì—ì„  ë˜ ë°ì€ ê³³ëŒ€ë¡œ ë‚´ ì–¼êµ´ë§Œ ë°ê³  í™˜í•˜ê²Œ ì˜ˆì˜ê²Œ ë‚˜ì˜¤ê²Œ í•´ì£¼ë„¤ì—¬ ã…Žã…Ž"
nikluge-sa-2022-train-00030,ã…œ ã…œ í…Œì´í¬í°ì²˜ëŸ¼ ë§Œë“¤ì–´ì£¼ë˜ê°€ ë©‹ì„ ë‚´ë ¤ë©´ ì•„í¬..
nikluge-sa-2022-train-02810,"ìš°ì„  ì²´í¬ë¬´ëŠ¬ëŠ” ì›Œë‚™ ë¬´ë‚œí•˜ê²Œ ìž…ì„ ìˆ˜ ìžˆëŠ” ë””ìžì¸ì´ë¼ì„œìš”,"
nikluge-sa-2022-train-00449,íŠ¸ëŸ¬ë¸”ì„± í”¼ë¶€ì—ë„ ì¢‹ë‹¤ê³  í•˜ê³  í•­ì‚°í™” ìž‘ìš©ì—ë„ ë›°ì–´ë‚˜ë‹¤ê³  í•˜ë‹ˆ ì•ˆí‹°ì—ì´ì§• ë”°ë¡œ ì•ˆí•´ë„ ë˜ê² ì£µ?ã…Žã…Žã…Ž
nikluge-sa-2022-train-00702,&name&ì˜ ì• ì •í…œ ì´ë¼í•˜ì—¬ ì¨ë³¸ê²ƒì´ ë²Œì¨ ëª‡ ê°œì§¸ ì“°ê³ ìžˆëŠ”ì§€:)
nikluge-sa-2022-train-01248,"ì½”ì•ˆìª½ìœ¼ë¡œ ì°”ë¦´ê¹Œ ê±±ì •ì•ˆí•´ë„ ë˜ê³ , 1ë¶„ì´ë©´ ê¹”ë”í•˜ê²Œ ì •ë¦¬ë˜ìš”."
nikluge-sa-2022-train-00889,ê³¨ë“œì•°í”Œì€ í™ì‚¼ê³¼ 99.9% ìˆœê¸ˆì´ ë§ˆìœ ë˜ì–´ ìžˆì–´ì„œ ì •í™”ìž‘ìš©ê³¼ í•¨ê»˜ í”¼ë¶€ ë©´ì—­ë ¥ì„ ë†’í˜€ ì¤€ë‹¤ë‹ˆ êµ³..
nikluge-sa-2022-train-01213,"í”¼ë¶€ ë¯¸ë°±, ì£¼ë¦„ê°œì„ , ìžì™¸ì„ ì°¨ë‹¨ê¹Œì§€ ì´ë ‡ê²Œ ê°€ë²¼ìš´ ì œí˜•ìž„ì—ë„ ê¸°ëŠ¥ì„± ìµœê³ !!"
nikluge-sa-2022-train-00160,ì•„ê¸°ë  í•œë‹¤ê³  ì§€ëª»ë¯¸ ìŠ¤íƒ€ì¼ ë˜ì§€ ì•Šê²Œ.. ë©‹ìŠ¤ëŸ½ê²Œ ì°©ìš©í•  ìˆ˜ ìžˆëŠ” #ì•„ê¸°ë 
nikluge-sa-2022-train-02125,ë² ë¦¬ ë§˜ í¬ë¦¼ì€ ë³´ìŠµë ¥ì´ ë„ˆë¬´ì¢‹ì•„ì„œ í•œë²ˆë§Œ ë°œë¼ì¤˜ë„ ìž¥ì‹œê°„ ì´‰ì´‰í•´ìš”ðŸ‘ðŸ»ðŸ‘ðŸ»
nikluge-sa-2022-train-01049,ì€ì€í•˜ë‹ˆ í–¥ë„ ì¢‹ê³  ë³´ìŠµë„ ì¢‹ìŒ!
nikluge-sa-2022-train-01021,#ìƒë¦¬í†µ ì‹¬í•œ ì—¬ë™ìƒ ì„ ë¬¼ë¡œë„ êµ¿êµ¿
nikluge-sa-2022-train-01752,ì§€ì†ë ¥ ì¢‹ì•„ í•˜ë£¨ì¢…ì¼ ì§€ì›Œì§€ì§€ ì•Šì•„ ì™¸ì¶œí• ë•Œ ì´ëŸ° ì™„ì†Œí…œì´ ì—†ë„¤ìš”
nikluge-sa-2022-train-01609,ì¸¡ì •ê°’ì„ 100ê°œê¹Œì§€ ê¸°ë¡í•  ìˆ˜ ìžˆì–´ ê´€ë¦¬í•˜ê¸°ë„ ì‰½ë‹µë‹ˆë‹¤^^
nikluge-sa-2022-train-00969,ì•„ë‹´í•œì‚¬ì´ì¦ˆ ê·¸ë¦¬ê³  #í”„ë¦´ìž¥ì‹ ê¹Œì§€ ë„˜ ì‚¬ëž‘ìŠ¤ëŸ° #í† ë¼ì¸í˜•
nikluge-sa-2022-train-00710,ìž… ëƒ„ìƒˆë„ ì¤„ì–´ ê°œì„ ë˜ë‹ˆ #ëª¨ë‹í‚¤ìŠ¤ ..ã…Žã…Ž
nikluge-sa-2022-train-00583,ë‚´ì¼ì€ #í™”ì´íŠ¸ë°ì´ ë¼ ì—¬ìžì¹œêµ¬ì—ê²Œ ìš”ëŸ° #ì„ ë¬¼ í•˜ë©´ ì™„ì „ ì‚¬ëž‘ë°›ì„ ë“¯ í•´ìš” ã…‹ã…‹
nikluge-sa-2022-train-01798,#ë ˆê³ 60174ìˆ²ì†ê²½ì°°ë³¸ë¶€ êµ¬ìž…í•´ ì™”ëŠ”ë° 20% í• ì¸ í–‰ì‚¬ë„ ì§„í–‰ì¤‘ì´ë¼ ì™„ì „ ì €ë ´í•˜ê²Œ êµ¬ìž…í•œ ê±° ìžˆì£ 
nikluge-sa-2022-train-01220,ì•„ì¥¬!! ë§Œì¡±ìŠ¤ëŸ¬ì›Œìš”ðŸ˜„
nikluge-sa-2022-train-01230,í€„ë¦¬í‹° ëŒ€ë°•ì´ê³  ë„ˆë¬´ë„ˆë¬´ ì´ë½€ì—¬ðŸ˜˜
nikluge-sa-2022-train-01089,í™”ì´íŠ¸ ë² ì´ìŠ¤ì™€ ë¸”ë£¨ ì—ì„¼ìŠ¤ì˜ í™©ê¸ˆë¹„ìœ¨ë¡œ ìžì™¸ì„  ì°¨ë‹¨íš¨ê³¼ëŠ” ë†’ì´êµ¬ í”¼ë¶€ì†ê¹Œì§€ ì´‰ì´‰í•˜ê³  ê±´ê°•í•˜ê²Œ!!!
nikluge-sa-2022-train-02722,"í”¼ë¶€ íŠ¸ëŸ¬ë¸” ê±±ì • ì—†ê³ , ìƒ ê±±ì •ë„ ì—†ì–´ì„œ ìµœì• í…œ ìœ¼ë¡œ ì†ìƒ‰ ì—†ë„¤ìš”ðŸ‘ðŸ»ðŸ‘ðŸ»"
nikluge-sa-2022-train-01557,ë¯¸ìƒë¬¼ ë°œíš¨ê¸°ìˆ ì„ ì´ìš©í•œ ë¶€ìž‘ìš© ê±±ì • ì—†ëŠ” #ê°€ìŠ´í¬ë¦¼
nikluge-sa-2022-train-00754,ì´ê²Œ #ì¹´ì‚¬ì—…íš¨ê³¼ ì¸ê°€ìš”~~~?!^^
nikluge-sa-2022-train-01336,ì¡°íšŒí•´ë³´ë‹ˆ #100í¼ì„¼íŠ¸ì‹í’ˆì²¨ê°€ë¬¼ ì„ ì‚¬ìš©í•´ ë§Œë“¤ì—ˆê¸°ì— ì•ˆì‹¬í•˜ê³  ì‚¬ìš©í•´ë„ ì¢‹ì„ ê²ƒ ê°™ë”ë¼ê³ ìš”~ðŸ˜„ðŸ˜„
nikluge-sa-2022-train-01046,ì•„ê¸° ì „ìš© ì œí’ˆì´ì§€ë§Œ ë‚˜ì²˜ëŸ¼ ë¯¼ê°í•œ í”¼ë¶€ì˜ ì„±ì¸ë“¤ì—ê²Œ ì •ë§ ì¢‹ì€ #ë©”ì¢…ë“œë² ë² 
nikluge-sa-2022-train-00745,ë‚˜ì˜ ëª¨ë°œê´€ë¦¬ #ìµœì• í…œ ì´êµ¬ë§Œâ¤
nikluge-sa-2022-train-00853,#ë·°í‹° í•œë‹¤ë©´ í•œë²ˆì¯¤ ì„œë³´ê³  ì‹¶ì€ #ì—ì„¼ìŠ¤ ë„¤ìš”^^..
nikluge-sa-2022-train-00578,#ë””ì˜¬ì„ ë¯¸ë ˆë“œ ë¼ëŠ” ì• ì¹­ì´ ë²Œì¨ ë¶™ì—ˆì„ë§Œí¼ í•«í•œ #758ë ˆë“œ ì»¬ëŸ¬ëŠ” &name&ì”¨ë„ ì‚¬ìš©í–ˆë„¤ìš¤!ðŸ’„
nikluge-sa-2022-train-02923,ì–´ë°ì´ì…”ìŠ¤ ë¼ì¸ì€ ê·¸ë ‡ë‹¤ë˜ë° ëšœê»‘ë‹«ëŠ” ìž¬ë¯¸ê°€ ìžˆë‹¤... ã…‹ã…‹ã…‹ã…‹ã…‹
nikluge-sa-2022-train-00339,#ê³ íì˜ì •ì› ì„œëž ë’¤ì— ë³´ê¸° ê±°ìŠ¬ë¦¬ëŠ”ê³³ì— ë¶™ì˜€ë”ë‹ˆ ê·¸ê³³ ì—­ì‹œ #ì—„ì§€ì²™!
nikluge-sa-2022-train-00523,í™•ì‹¤ížˆ ì†ë‹¹ê¹€ ëœí•˜êµ¬ í”¼ë¶€ ê±´ì¡°í•¨ì„ í•˜ë£¨ì¢…ì¼ ëœ ëŠë¼ê²Œ ë˜ëŠ” ì™„ì „ ì• ì •í…œ!ðŸ’•
nikluge-sa-2022-train-01779,í•œë²ˆ ì‚¬ìš©í•´ ë³´ë©´ ê·¸ ë§¤ë ¥ì— í‘¹ ë¹ ì ¸ ë²„ë¦¬ì‹¤ê±°ì—ìš”
nikluge-sa-2022-train-02012,ë¶€ë“œëŸ½ê³  ì´‰ì´‰í•˜ê²Œ í´ë Œì§• í•˜ë‚˜ë¡œ í™ˆì¼€ì–´ ë§ˆì‚¬ì§€ë¡œ ê¹¨ë—í•˜ê²Œ í´ë Œì§•
nikluge-sa-2022-train-01305,"ì–¼ìŒì •ìˆ˜ê¸° ê¸°ëŠ¥ ì´ì™¸ì—ë„ ëƒ‰ìž¥ê³ ê°€ ê°–ê³  ìžˆì–´ì•¼ í•  ê¸°ë³¸ì ì¸ ê¸°ëŠ¥ì€ ë¬¼ë¡ ì´ê³ , 24ì‹œê°„ ìžë™ì •ì˜¨, ë„ì–´ì¿¨ë§, ì‹ ì„ ì•¼ì±„ì‹¤, ë©€í‹°ìˆ˜ë‚©í•¨, ëƒ‰ë™ì‹¤Full ë“œë¡œì–´ ê¸°ëŠ¥ë“¤ì€ #ëƒ‰ìž¥ê³ ì¶”ì²œ í•˜ê¸°ì— ì¶©ë¶„í•œ ë§¤ë ¥ë©ì–´ë¦¬ë“¤ì´ë¼ì„œ, ì‚¬ìš©í•˜ë©´ì„œë„ ëŠ˜ ê°ì‚¬í–ˆë˜ ìž¥ì ë“¤ì´ëžë‹ˆë‹¤."
nikluge-sa-2022-train-00237,ì¸ì²´ ì ìš© ì‹œí—˜ìœ¼ë¡œ í™•ì¸ëœ ì˜ˆë°©ê³¼ ê°œì„ ì´ ê°€ëŠ¥í•œ ë°”ë””ì¼€ì–´ ì œí’ˆì´ ë°”ë¡œ í”„ë¼ì  íŠ¸ë¼ ë²¨ë¦¬í¬ë¦¼ì´ëžë‹ˆë‹¤~
nikluge-sa-2022-train-01436,ë¯¸ì„¸ë¨¼ì§€ê°€ ë§Žì€ë‚  ë°”ë¥´ê³  ì™¸ì¶œí•´ë„ í”¼ë¶€ê°€ ë‹µë‹µí•˜ê±°ë‚˜ ë‹¹ê¸°ì§€ ì•Šì•„ì„œ ì¢‹ì•˜ì–´ìš”~
nikluge-sa-2022-train-02808,24kê³¨ë“œìž…ìžì„±ë¶„ì´ ë“¤ì–´ê°€ìžˆëŠ”ë° ì§„ì§œ ëˆˆì— ìˆ‘ìˆ‘ ë³´ì´ê³  ë„ˆë¬´ ì´‰ì´‰í•´ìš”
nikluge-sa-2022-train-01323,ì§‘ì—ì„œ ì œëª¨ë¥¼ ì¢€ ë” íš¨ê³¼ì ìœ¼ë¡œ í•˜ê¸° ìœ„í•´ ê°€ì •ì—ì„œ ì‚¬ìš©ê°€ëŠ¥í•œ #IPLì œëª¨ì˜ë£Œê¸°ê¸° ëŠ” ê³ ê¸‰ìŠ¤ëŸ½ê³  ì œëª¨ ì—­í• ë„ ì¶©ì‹¤ížˆ í•´ì¤ë‹ˆë‹¤.
nikluge-sa-2022-train-00525,&name&ì”¨ê°€ ì´ë‚  ìž¥ì°©í•œ íŒ¨ë”©ê³¼ ì‹ ë°œì€ ëª¨ë‘ #ì˜¤ë‹ˆì¦ˆì¹´íƒ€ì´ê±° ì œí’ˆì´ì—ˆëŠ”ë°ìš”-
nikluge-sa-2022-train-02850,"ë´„ë„ ì˜¤ê³  í”¼ë¶€ë„ í‘¸ì„í•´ì„œ ìµœê·¼ì— #í”Œë¼ë³¸ì„¸ëŸ¼ ì„ ì‚¬ì „ì¶œì‹œì „ì— í˜‘ì°¬ë°›ì•„ì„œ ì¨ë´¤ëŠ”ë°, #ì†”ì§í•œí›„ê¸° ë¡œëŠ” ëƒ„ìƒˆëŠ” #í˜¸ë¸”í˜¸ ê°ˆë¦¼.."
nikluge-sa-2022-train-00988,"ì§„ì§œ ì—„ë§ˆêº¼ëž‘ ë˜‘ê°™ì´ ìƒê²¼ì§€ë§Œ, ì‹ë¬¼ì„±ì˜¤ì¼ë¡œ ë§Œë“  ì•ˆì „í•œ #ìœ ì•„ìš©ë¦½ë°¤"
nikluge-sa-2022-train-01060,ê¹Šê³  ë„‰ë„‰í•œ ë³€ê¸°í†µì— ì†ìž¡ì´ê°€ ìžˆì–´ íƒˆë¶€ì°©ë„ ì‰¬ì›Œì„œ ì¢‹ë„¤ìš”!
nikluge-sa-2022-train-02659,ë°”ë¥´ìžë§ˆìž ë³´ë“¤ë³´ë“¤í•´ì„œ ì•„ì¹¨ì— ë°œëžì„ ë•Œ ê¸°ë¶„ì´ íŠ¹ížˆ ì¢‹ì•„ìš”
nikluge-sa-2022-train-00433,ì‚¬ìš©ê° ì¢‹ì•„ìš”
nikluge-sa-2022-train-00805,ë¯¼ë‚¯ì—ë„ ì¢‹ì€ ì¼ëª… #ìŒ©ì–¼í¬ë¦¼
nikluge-sa-2022-train-00097,ë§ˆì§€ë§‰ìœ¼ë¡œ ê²ë‚˜ í° ì´ˆì¹¨ì†Œë¦¬ë¼ëŠ”ë° ë‚´ê°€ ì£¼ë¬´ì‹¤ ë•Œ ì´ ì‹¸êµ¬ë ¤ë¥¼ ì–´ë””ë‹¤ ìˆ¨ê²¨ë†”ì•¼ ì´ˆì¹¨ ì†Œë¦¬ë¥¼ ì•ˆ ë“¤ì„ì§€ ì—°êµ¬í•´ë´ì•¼ê² ë‹¤.
nikluge-sa-2022-train-02013,ë‚˜ì˜ #ì• ì •í…œ #ë„¤ì¶”ëŸ´í”Œë¡œëŸ´í´ë Œì§•ì˜¤ì¼
nikluge-sa-2022-train-02704,ë„˜ ë§˜ì— ë“ ë‹¤ê³  í•˜ë„¤ìš” ã…‹
nikluge-sa-2022-train-02273,ê·¸ëž˜ì„œ ì €ë„ íŽ¸í•˜ê²Œ ì‚¬ì§„ì°ê³  ì‹¶ì–´ì„œ ë“¤ì¸ #ì‚¼ê°ëŒ€ #ë¹„ì†Œ BS-304 + ë¦¬ì½”ì½˜
nikluge-sa-2022-train-02701,ë„˜ë‚˜ ì˜ˆë¯¼í•œ ì‹ ëž‘ì„ ìœ„í•œ ì„ ë¬¼ë¡œ #ì•ŒíŽ˜ì‹  #ìƒ´í‘¸ ì¤€ë¹„í–ˆì–´ìš”
nikluge-sa-2022-train-02689,í”¼ë¶€ì— ì°©ë¶™ ë§ˆìŠ¤í¬íŒ©ì´ë¼ #ë¬¼ê´‘í”¼ë¶€ ë§Œë“¤ì–´ì¤€ë‹µë‹ˆë‹¤ â™¥
nikluge-sa-2022-train-00860,êµ³...
nikluge-sa-2022-train-01244,ì†ŒìŒë„ ì¡°ìš©í•˜ê³ ~ê¹”ë”í•˜ê²Œ ì •ë¦¬ê°€ ë˜ìš”.^^
nikluge-sa-2022-train-01293,í”¼ë¶€ì— ì˜¤ì¼ì„ ë°œë¼ ë†“ì€ ë“¯í•œ ë§¤ë„ëŸ¬ì›€.
nikluge-sa-2022-train-02820,ê·¸ë¦¬ê³  ë¶€ìŠ¤í„° ê°™ì€ê²½ìš°ëŠ” ì²¨ì— ì‹ ê¸°í•˜ê²Œ ìƒê²¨ì„œ `ì´ê±° ë­ì•¼`ì´ëž¬ëŠ”ë° ëˆˆë°‘ì´ë¼ë˜ì§€ êµ­ì†Œë¶€ìœ„ì—ë„ íŽ´ë°”ë¥´ê¸° ë”± ì¢‹ì€?
nikluge-sa-2022-train-00866,ê¸´ë¨¸ë¦¬ì— ìš”ì¦˜ ìœ ìš©í•˜ê²Œ ì‚¬ìš© ì¤‘ì¸.. #ë¯¸ìš©ì‹¤íŠ¸ë¦¬íŠ¸ë¨¼íŠ¸
nikluge-sa-2022-train-00692,ì™€í”Œëª¨ì–‘ì˜ ìˆœë©´íŒ¨ë“œê°€ í”¼ë¶€ ë…¸íë¬¼ì´ëž‘ ì„ ìŠ¤í¬ë¦°ì„ ìž”ì—¬ê°ì—†ì´ ìˆœí•˜ê²Œ ì§€ì›Œì£¼ë©´ì„œë„ ì´‰ì´‰í•˜ê²Œ í”¼ë¶€ë¥¼ ì§€ì¼œì¤˜ìš”
nikluge-sa-2022-train-00640,"íŠ¹ížˆ í¡ì—°ìžë‚˜ ì»¤í”¼ (ë¯¹ìŠ¤ì»¤í”¼, ë¼ë–¼ ì¢…ë¥˜)ë¥¼ ë§Žì´ ë§ˆì‹œëŠ” ì‚¬ëžŒë“¤ì´ í° íš¨ê³¼ë¥¼ ë³´ê³  ìžˆë‹¤ëŠ” ì  ì•Œì•„ë‘ì„¸ìš©!"
nikluge-sa-2022-train-00059,ê·¸ëž˜ì„œ ë§¤ìž¥ì— ê°€ë´¤ë”ë‹ˆ ì•„ë‹ˆë‚˜ ë‹¤ë¥¼ê¹Œ ìƒ‰ê°í•˜ë©° ë””ìžì¸í•˜ë©° ì´ê±´ ë¬´ìŠ¨ êµ¬ì„ê¸° ì‹œëŒ€ ìš´ë™í™”ëƒ ì‹¶ì€ê²Œ ì‹ ì–´ë³´ë‹ˆ ë°œì€ í•­ê³µëª¨í•¨ë§Œí•´ ë³´ì—¬ì„œ ëƒ…ë‹¤ ë²„ë¦¬ê³  ë’¤ë„ ì•ˆ ëŒì•„ë³´ê³  ì™”ë‹¨ ì–˜ê¸°.
nikluge-sa-2022-train-02001,"ë¯¸ë°±,íƒ„ë ¥,ì£¼ë¦„,ìˆ˜ë¶„ê³µê¸‰ 12ì‹œê°„ ì§€ì†ë ¥ê¹Œì§€ Wow!"
nikluge-sa-2022-train-02971,ê·¸ë¦¬ê³  ë˜‘ë”±í•€ íƒ€ìž…ì´ í˜¹ì‹œ ë¨¸ë¦¬ ì¨ê¸°ê±°ë‚˜ ì•„í”„ë©´ ì–´ë–¡í• ê¹Œ.. ê³ ë¯¼ì´ì—ˆëŠ”ë° ì´ê²ƒ ë˜í•œ ê´œí•œ ê³ ë¯¼
nikluge-sa-2022-train-01892,ëˆì ìž„ ì—†ê³  ë°œë¦¼ì„±ì´ ì¢‹ìœ¼ë©° í”¼ë¶€ì— ì“°ìœ½~ ìŠ¤ë©°ë“¤ì–´ìš”
nikluge-sa-2022-train-01761,#ì•„ì´ë¼ì¸ ë¬¸ì‹ í•œ ì ì´ ìžˆì–´ #ì•„ì´ë¼ì´ë„ˆ ìµœê·¼ì— ìž˜ ì‚¬ìš©í•˜ì§€ ì•Šì•˜ì—ˆëŠ”ë° ë¬¸ì‹  ìžˆì–´ë„ í™•ì‹¤ížˆ í•œê±°ëž‘ ì•ˆí•œê±°ëž‘ ì°¨ì´ê°€ í™•~!!
nikluge-sa-2022-train-02162,ì´ê²Œ ë°”ë¡œ ë‹¤ #ì•„ë² ë‹¤ ë•ë¶„
nikluge-sa-2022-train-02858,í˜¹ì‹œ ë°œìƒë  ì§€ ëª¨ë¥´ëŠ” ë¯¸ìƒë¬¼ê¹Œì§€ í…ŒìŠ¤íŠ¸í•˜ê³  6ë‹¨ê³„ ì •ìˆ˜ê³¼ì •ì„ ê±°ì¹œ ê¹¨ë—í•œ ì •ì œìˆ˜ë§Œ ì‚¬ìš©í–ˆë‹¤ë‹ˆ ë¯¿ê³  ì•ˆì‹¬í•˜ê³  ì‚¬ìš©í•  ìˆ˜ ìžˆë„¤ìš”
nikluge-sa-2022-train-02325,ìˆ˜ë¶„ì—ì„¼ìŠ¤ê²”íƒ€ìž…ì´ë¼ ëˆì ìž„ë„ ì—†ìŒâ˜ï¸
nikluge-sa-2022-train-02270,íŽ˜ì´ì¦ë¦¬ ì‰¬í°ë¸”ë¼ìš°ìŠ¤ ì™„ì „ ë‚´ìŠ¤íƒ€ì¼ì´ì•¼~
nikluge-sa-2022-train-00764,ì¼ëª… #ìŠ¹ë¬´ì›ë¹„ëˆ„ ë¼ê³  ìœ ëª…í•˜ì£  ã…Žã…Žã…Ž
nikluge-sa-2022-train-01551,ê±±ì •ë˜ëŠ” í™”í•™ì„±ë¶„ 7ê°€ì§€ëŠ” ë¹¼ê³  ê¼­ í•„ìš”í•œ ì„¸ì •ë ¥ì€ ì¼ë°˜ ì£¼ë°©ì„¸ì œ ëŒ€ë¹„ 2ë°° ê°•í™”ì‹œì¼°ì–´ìš”.
nikluge-sa-2022-train-00546,ë™ê¸€ë™ê¸€ ë¶€í”¼ê°€ ìž‘ì•„ì„œ ì–´ë””ë“ ì§€ ì±™ê²¨ë‹¤ë‹ ìˆ˜ ìžˆì–´ì„œ êµ¿êµ¿~
nikluge-sa-2022-train-02010,ì‹ ëž‘ì´ ìžê¾¸ í‚í‚ í–¥ì´ ì¢‹ë‹¤ë©´ì„œìš”
nikluge-sa-2022-train-02069,ì˜¨ì²œìˆ˜ ì„±ë¶„ìœ¼ë¡œ ì„¸ì•ˆí›„ì—ë„ ë‹¹ê¹€ì—†ì´ ì´‰ì´‰í•˜ê²Œ~~ í”¼ë¶€ìžê·¹ì—†ì´ ì“¸ìˆ˜ìžˆì–´ ë” ì¢‹ì•„ìš”
nikluge-sa-2022-train-01454,ë””ìžì¸ë„ ì°¸ ì˜ˆì˜ì£ ??
nikluge-sa-2022-train-01877,ê°„íŽ¸í•˜ê²Œ #ì˜¬ì¸ì›í¬ë¦¼ ìœ¼ë¡œ ê´€ë¦¬í•˜ëŠ” ì—¬ìž
nikluge-sa-2022-train-00288,íŒ¨í‚¤ì§€ë¶€í„° ëˆˆê¸¸ì„ í™• ìž¡ëŠ” ê·€ì—¼ë¯¸ ë¿œë¿œ!! í•œ #ìŠˆë ‰íŒ© #í”¼ì˜¤ë‚˜íŒ© #ì¿µí‘¸íŒ¬ë”íŒ©!
nikluge-sa-2022-train-01498,ì´‰ì´‰í•˜ë‹ˆ ë°°ëˆí•œ í”¼ë¶€ ê°€ê¾¸ê¸°ì— ë”± ì¢‹ë„¤ìš”~
nikluge-sa-2022-train-01660,"ë‹¤ì‹œë§ˆì¶”ì¶œë¬¼ì´ ë¬´ë ¤ 10,000PPM í•¨ìœ ë˜ì–´ ë” ì´‰ì´‰í•˜ê²ŒðŸ’¦"
nikluge-sa-2022-train-01689,í”¼ë¶€ë¥¼ ë§‘ê³  í™˜í•˜ê²Œ ê°€ê¿”ì¤˜ìš”~
nikluge-sa-2022-train-00739,ì´ë²ˆ ì—„ì²­ì¶¥ë‹¤ëŠ”ë° #ê²¨ìš¸ë³´ìŠµí¬ë¦¼ ì°œê½â¤
nikluge-sa-2022-train-00514,"ì œ ì¹œêµ¬ëŠ” ì¶œì‚° í›„, ë”ìš± ê³ ë¯¼ì´ ë§Žì€ ê²ƒ ê°™ì•„ ìš” ì œí’ˆ ì¶”ì²œí•´ì¤¬ì–´ìš”!"
nikluge-sa-2022-train-00806,ê±´ì¡°í•˜ì§€ ì•Šê³  ì ë‹¹ížˆ ì˜¤ì¼ë¦¬~
nikluge-sa-2022-train-02872,ì–´ë²„ì´ë‚  ì„ ë¬¼ ê³ ë¯¼ì¤‘ì´ì˜€ëŠ”ë° ì–‘ìª½ì§‘ ëª¨ë‘ ìš”ê±¸ë£¨ í•´ì•¼ê²Œì–´ìš”
nikluge-sa-2022-train-02419,#ì—ëŒë¼ë‘ #ë”ë§ˆì»¨íŠ¸ë¡¤ì„ í¬ë¦¼ ë´„ ë‚˜ë“¤ì´ í•„ìˆ˜ ì„ í¬ë¦¼ìœ¼ë¡œ ì¶”ì²œ!!
nikluge-sa-2022-train-01153,ì™€~~ ìƒê°ë³´ë‹¤ ìƒë‹¹ížˆ ë„“ì´ê°€ í¬ë„¤ìš”!!!
nikluge-sa-2022-train-01621,ì¸ì‚¼ê³¼ ê°•í™© ë°œíš¨ ì—ë„ˆì§€ê°€ ë‘í”¼í™œë ¥ì„ ì´‰ì§„í•˜ê³  ì•”ë¼ì„±ë¶„ì´ ì¦‰ê°ì ìœ¼ë¡œ ëª¨ë°œì„ ë‘ê»ê²Œ í•´ í•˜ë£¨ì¢…ì¼ í’ì„±í•œ í—¤ì–´ë¥¼ ìœ ì§€í•  ìˆ˜ ìžˆì–´ìš”!!
nikluge-sa-2022-train-00659,ëˆì ì´ì§€ ì•ŠëŠ” ìˆ˜ë¶„í¬ë¦¼ì´ë¼ì„œ ì—¬ë¦„ì— ì‚¬ìš©í•˜ê¸° ë„ˆë¬´ ì¢‹ì€ ì œí’ˆì´ë¼ëŠ”ê²Œ `ë‹¤ë¥¸ ì œí’ˆê³¼ ë¹„êµí•˜ì—¬ ì´ ì œí’ˆë§Œì´ ê°€ì§€ê³  ìžˆëŠ” ì˜ë¯¸ìžˆëŠ” íŠ¹ì´ì `ì´ì—ìš”
nikluge-sa-2022-train-00797,ì•„ì´ë“¤ê¹Œì§€ë„ í•¨ê»˜ ì‚¬ìš© ê°€ëŠ¥í• ë§Œí¼ ìˆœí•œ ì„±ë¶„ì— ìžì™€ì„ ì€ ì² ë²½ ì°¨ë‹¨!!
nikluge-sa-2022-train-00252,íŒ¨í‚¤ì§€ëŠ” ì™„ì „ #ì·¨í–¥ì €ê²©!
nikluge-sa-2022-train-02333,ì“°ë©´ ì“¸ìˆ˜ë¡ ë§¤ë ¥ìžˆë‹¤ #ì—ìŠ¤í…Œë¤ ë„ˆ~~ ðŸ‘‰ðŸ‘ˆ
nikluge-sa-2022-train-02040,ê³ ê¸‰ì§€ë‹¤
nikluge-sa-2022-train-02498,"ì˜¤ë¸ì— ìƒì„ ê·¸ë¦´, ê°€ìŠ¤ë Œì§€, ìˆ˜ë„ê¼­ì§€ê¹Œì§€ ì „ë¶€ ì¡°ìž‘ê°€ëŠ¥ !"
nikluge-sa-2022-train-00409,âœ”ë„·ê¸°ì–´ì•± ë‹¤ìš´ì‹œ ìŠ¤ë§ˆíŠ¸í°ì—ì„œë„ í„°ì¹˜ë¡œ ê°„íŽ¸í•œ ì„¸íŒ… ê°€ëŠ¥
nikluge-sa-2022-train-01171,í—¤ë¼ ë¸”ëž™íŒŒìš´ë°ì´ì…˜ ì¨ë³´ëŠ”ë° ì†ŒëŸ‰ë§Œìœ¼ë¡œë„ ì»¤ë²„ë ¥ ì¢‹ë„¤ìš”~
nikluge-sa-2022-train-02164,í’ì„±í•¨ì´ ëŠê»´ì§€ë‹ˆ ë„ˆë¬´ ì¢‹ìŒã… 
nikluge-sa-2022-train-02408,ì´‰ì´‰í•˜ë©´ì„œ ëˆì ì´ì§€ ì•Šê³  ë³´ìŠµë ¥ë„ ì¢‹ì€ ë¯¸ë°±í¬ë¦¼!!
nikluge-sa-2022-train-02909,ê¹Œë¬´ìž¡ìž¡í•œ ë¶€ìœ„ì— ê¾¸ì¤€ížˆ ì‚¬ìš©í•˜ë‹ˆ ì ì  í•˜ì–˜ì§€ê¸°ë„ í•˜ê³  í‰ì†Œ ê³ ë¯¼ì´ë˜ ë“±ë“œë¦„ë„ ì‚¬ë¼ì§€ê²Œ í•´ì¤˜ì„œ ë„˜ë‚˜ ì¢‹ì€ ã…Žã…Ž
nikluge-sa-2022-train-00915,íŽ¸ë¦¬í•œ íŽŒí•‘íƒ€ìž…ì— ê°€ê²©ë„ êµ¿!
nikluge-sa-2022-train-01555,í¬ë¦¼ ì† ë¯¸ì„¸í•œ ê¸°í¬ê°€ í”¼ë¶€ ê¹Šìˆ™ížˆ ìœ íš¨ì„±ë¶„ì˜ í¡ìˆ˜ë¥¼ ë•ê³  ëª¨ê³µì„ ì¼€ì–´í•´ í”¼ë¶€ì˜ ìˆ¨ê¸¸ì„ ì—´ì–´ì¤˜ìš”~
nikluge-sa-2022-train-01070,ë¯¼ê°ì„± í”¼ë¶€ë‹¤ë³´ë‹ˆ ì–¼êµ´ ë¶‰ì€ê¸°ê°€ í•­ìƒìžˆëŠ”ë° í”¼ë¶€ì§„ì •ì´ ì¦‰ê°ì ìœ¼ë¡œ ë˜ëŠ”ì§€ í´ë Œì§• í›„ì—ëŠ” ë°”ë¡œ ì‚¬ë¼ì§€ë„¤ìš”~
nikluge-sa-2022-train-01699,ìƒê¸° ìžˆê²Œ í‘œí˜„ë˜ê³  ìœ ì§€ë ¥ì´ ì¢‹ì€ ë¸”ëŸ¬ì…”
nikluge-sa-2022-train-02292,ì•„í† íŒœ ì½©ìˆœì´ íŒ©íŠ¸ ê³ ë§ˆì›Œ!
nikluge-sa-2022-train-00863,ë¿Œë¦¬ê³  ê¸ˆë°© ë‚ ë¼ê°€ëŠ” ê·¸ëŸ° #ë¯¸ìŠ¤íŠ¸ .. ë„ˆë¬´ í”í•´ì„œ ìž˜ ì¨ì§€ì§€ ì•Šì•˜ëŠ”ë°.. #ë‹¬ë°” ì œí’ˆì€ ! ì†ë“±ì—ë„ ì•„ì£¼ ì˜¤ëž«ë™ì•ˆ ë‚¨ì•„ìžˆê³ .. í”¼ë¶€ ì†ë‹¹ê¹€ë„ ì—†ê³  ê¸°ë¦„ì§„ ëŠë‚Œì´ ì—†ì´.. ì ë‹¹ížˆ ì´‰ì´‰í•˜ê³  ë©”ì´í¬ì—… ì‚¬ìš© ì „í›„ë¡œ í•´ë„.. í™”ìž¥ì´ ìž˜ë¨¹ê³  ìœ¤ê´‘ë„ ì´ˆí¬ì´ˆí¬
nikluge-sa-2022-train-00189,ê·¸ë¦¬ê³  ìž‘ì€ì‚¬ì´ì¦ˆì˜ #ìŠ¤í‹±ë¹„ëˆ„ íœ´ëŒ€í•˜ë©° ì‚¬ìš©ì¤‘ì¸ë° ê°€ì§€ê³  ë‹¤ë‹ˆë©° ì‚¬ìš©í•˜ë‹ˆ ì•„ì´ë“¤ ì†ì”»ê¸¸ë•Œë„ ì¢‹ê³  ì†ì”»ê³  ë•¡ê¸°ì§€ ì•Šì•„ì„œ ì¢‹ë„¤ìš”~
nikluge-sa-2022-train-00626,ì¼ì£¼ì¼Â ë™ì•ˆë§ŒÂ ì‚¬ìš©í•´ë„Â ë†€ë¼ìš´Â ì£¼ë¦„Â ìž¬ìƒÂ íš¨ê³¼ë¥¼Â ë³¼Â ìˆ˜Â ìžˆì–´ìš©
nikluge-sa-2022-train-02232,ì»¬ì´ ë„˜ë„˜ ìž˜ ë‚˜ì™€ì„œ í¼ì§í•œ #í”Œëž«í¼ê³ ë°ê¸° ì§ˆë €ì–´ìš”â™¥ï¸
nikluge-sa-2022-train-02710,#ì¹˜ì•„ê±´ê°• ê³¼ #ìž‡ëª¸ì§ˆí™˜ ì˜ˆë°©ì— ë„ì›€ì„ ì¤˜ìš” â£ï¸
nikluge-sa-2022-train-00925,"ê³µêµ¬ê°€ë°©ë„ ìžˆì–´ ì •ë¦¬ë„ ë³´ê´€ë„ ì¢‹ê³  ìž˜ê°€ì§€ê³  ë†€ê³ , ê°€ê²©ëŒ€ë¹„ ë§Œì¡±ë§Œì¡±"
nikluge-sa-2022-train-01428,#ì¹œí™˜ê²½ì„¸ì œë¡œ í”¼ë¶€ ì €ìžê·¹ ì¸ì¦ë°›ì•„ #ë§¨ì†ì„¤ê±°ì§€ í•´ë„ ì†ì´ ê±´ì¡°í•˜ì§€ ì•Šì•„ìš”.
nikluge-sa-2022-train-00681,ë„˜ ì£ ì•„
nikluge-sa-2022-train-02761,ë´„ë¦½ìŠ¤í‹±ìœ¼ë¡œ ë”±ì´ì—ìš”!
nikluge-sa-2022-train-01433,ê·¸ ì¤‘ íŠ¹ížˆ ë§˜ì— ë“œëŠ” íƒ€ìž„ì™€ì´ì¦ˆ5X ë°ì´í¬ë¦¼ì€ ì¤‘ê±´ì„±ìš©ê³¼ ì§€ì„±ìš© ë‘ê°€ì§€ê°€ ìžˆëŠ”ë°ìš”.
nikluge-sa-2022-train-00662,ë¿Œë¦¬ê³ ë‚œ í›„ì— ì´‰ì´‰í•œ í”¼ë¶€ë„ í™•ì¸í•´ë³´ì„¸ìš”!
nikluge-sa-2022-train-00053,ì •ë§ ê¸°ë»¤ë‹¤.
nikluge-sa-2022-train-02345,ë©”ì´í¬ì—… í›„ ì‚¬ìš©í•´ë´¤ëŠ”ë° ì „í˜€ ë°€ë¦¬ì§€ì•Šê³  ë°±íƒì—†ì´ ì•ˆë°”ë¥¸ê²ƒì²˜ëŸ¼ í‹°ê°€ ì•ˆë‚¨ ã…‹ã…‹
nikluge-sa-2022-train-01958,í”¼ë¶€í†¤ í†¤ì—…ë§Œ í•´ì£¼ëŠ”ê²Œ ì•„ë‹ˆì—ìš”
nikluge-sa-2022-train-01052,ë‚˜ì¤‘ì— ì•„ê¸° ë‚³ìœ¼ë©´ ì˜¨ ê°€ì¡±ì´ ê°™ì´ ì¨ì•¼ê² ë‹¤ðŸ˜¶
nikluge-sa-2022-train-01477,ë•ë¶„ì— ë§›ìžˆëŠ” #ë””ì €íŠ¸íƒ€ìž„
nikluge-sa-2022-train-01886,í”¼ë¶€ìž¬ìƒì— ì¢‹ì€ ì„±ë¶„ë“¤ë§Œ ì™ì™!
nikluge-sa-2022-train-01085,ë°”ë¥¸í›„ ë°˜ì§ ë°˜ì§ ë¬¼ê´‘íš¨ê³¼ ëŒ€ë°•ìž…ë‹ˆë‹¤!
nikluge-sa-2022-train-00472,ìš”ì¦˜ ì§€ì¸ë“¤ ë§Œë‚˜ë©´ í”¼ë¶€ ê´€ë¦¬ ëª¨í•˜ëƒëŠ” ë§ì„ ìžì£¼ ë“£ëŠ”ë° ê·¸ë§Œí¼ ì œ í”¼ë¶€ê°€ ì¢‹ì•„ì¡Œë‹¨ ë§ì´ê² ì£ ?
nikluge-sa-2022-train-01266,"ìˆ˜ë°•ì¶”ì¶œë¬¼ í•¨ìœ ë¡œ ì€ì€í•˜ê²Œ ë‚˜ëŠ” ìˆ˜ë°•í–¥ë„ ë„ˆë¬´ ì¢‹ê³ , ê±´ì¡°í•´ì§„ í”¼ë¶€ì— ìˆ˜ë¶„ì„ ë”í•´ì£¼ë©° ë§ˆì¼ë“œí•˜ê²Œ ë³´í˜¸í•´ì£¼ëŠ” ëŒ€ìš©ëŸ‰ ì„  ì¿ ì…˜ì´ì—ìš”."
nikluge-sa-2022-train-02650,#ì¡´ì¢‹ ðŸ˜
nikluge-sa-2022-train-02123,ì™•ì¶”ì²œâ¤â¤
nikluge-sa-2022-train-02814,âœ”ï¸ê²‰ê³¼ ì†ë©´ ëª¨ë‘ ë°•ìŒì§ˆ ì²˜ë¦¬ê°€ ê¹”ë”í•˜ê²Œ ìž ë˜ì–´ ìžˆì–´ìš”.
nikluge-sa-2022-train-02515,&name&ê°€ ì•ˆë½í•´ í•˜ë‹ˆ ì´ë²ˆ ì„¸ì´ì§€í´ ë©€í‹°ë°”ìš´ì„œë„ ì„±ê³µâ™¡
nikluge-sa-2022-train-00817,2 in 1 ì´ë¼ ì™„ì „ íŽ¸í•˜ë‹¤~!
nikluge-sa-2022-train-01252,"ì›ë‹¨ë„ íŠ¼íŠ¼í•˜ê³  í•­ê³°íŒ¡ì´ ë° ë°©ì·¨ê°€ê³µì´ ë˜ì–´ ìžˆì–´ ìœ„ìƒì ì´ê³ , ìŠµì§„ ì˜ˆë°©ë„ ê°€ëŠ¥í•´ìš”."
nikluge-sa-2022-train-01823,ìš”ì¦˜ ê±´ì¡°í•´ì„œ ìš”ê±° ì•ˆì“¸ìˆ˜ê°€ì—†ì–´ìš”
nikluge-sa-2022-train-02491,ê·€ìš”ë¯¸ ìŠ¤í‹°ì»¤ë“¤ ë‚´ë§˜ëŒ€ë¡œ ë¶™ì¼ìˆ˜ ìžˆì–´ ìž¼ë‚œë° ë¹„ë¹„ë‚˜ ì”¨ì”¨í¬ë¦¼ ì—†ì´ë„ ìš”ê±¸ë¡œ ìƒ¤ìƒ¤ìƒ¥ !!
nikluge-sa-2022-train-02875,#ìŠ¤íŽ˜ì…œë“œë¦¼ #ì„ ë¬¼ë¡œì¢‹ì€ë² ê°œ #ë¶€ëª¨ë‹˜ì„ ë¬¼ #ëª©ì´íŽ¸í•œë² ê°œ #ê²½ì¶”ë² ê°œ #ì¼ìžëª©ë² ê°œ#ê±°ë¶ëª©ë² ê°œ #ëª©ë””ìŠ¤í¬ë² ê°œ #ìˆ™ë©´ë² ê°œ #ë² ê°œ #ë² ê°œì¶”ì²œ #ë² ê°œìŠ¤íƒ€ê·¸ëž¨ #ì–´ë²„ì´ë‚ ì„ ë¬¼ #ì‹œë¶€ëª¨ë‹˜ì„ ë¬¼ #í”„ë¦¬ë¯¸ì—„ë² ê°œ
nikluge-sa-2022-train-02395,ìš”ì¦˜ì€ ì¼ë¶€ëŸ¬ ë°”ë‹¥ì— ì•‰ì§€ì•Šê³  ìŠ¤íƒ€ì¼ í”„ë¦¬ë¯¸ì—„ì— ì•‰ì•„ ìƒí™œì¤‘ ã…‹ã…‹
nikluge-sa-2022-train-01667,ì—¬ëŸ¬ë»” ë¹¨ì•„ì¨ì„œ ê²½ì œì ì´ê³  ë§¤ì¼ ë°”ê¿”ì“°ë‹ˆ ìœ„ìƒì ì´ê³ ~ðŸ‘ðŸ‘
nikluge-sa-2022-train-02653,ë‹¤ìŒ ë‚  ë˜ë©´ ì´ˆí¬ì´ˆí¬ í™”ìž¥ ë„˜ë‚˜ ìž˜ë¨¹ë„¤!
nikluge-sa-2022-train-02174,ì´ê±° ì“°ë©´ ë‹¤ë¥¸ íŠ¸ë¦¬íŠ¸ë¨¼íŠ¸ ëª»ì”€
nikluge-sa-2022-train-01715,ì§„ì§œ ì§€ì†ë ¥ë„ ì§±ì´ë‹¤
nikluge-sa-2022-train-02109,EWGê·¸ë¦°ë“±ê¸‰ ì„±ë¶„ìœ¼ë¡œ ë¯¼ê°í•œ ì•„ì´í”¼ë¶€ì— ì•ˆì‹¬í•˜ê³ ì‚¬ìš©í•´ìš”â¤
nikluge-sa-2022-train-01242,í›ˆë‚¨ë“¤ì˜ í•„ìˆ˜í…œ #ê°€ì™€ì‚¬í‚¤m3 ì‚¬ìš©í•´ ë³´ì•˜ì–´ìš”.^^
nikluge-sa-2022-train-01583,#1ì¢…ì„¸ì²™ì œ ë¼ ì•¼ì±„ ê³¼ì¼ê¹Œì§€ ì”»ì„ ìˆ˜ ìžˆì–´ ì•ˆì‹¬~
nikluge-sa-2022-train-01811,ìš”ë²ˆ #ì—¬í–‰ ê°”ì„ë•Œ ì›í”¼ìŠ¤ì— ìž…ì—ˆëŠ”ë° ì˜ˆë»~
nikluge-sa-2022-train-00986,ì—„ë§ˆë„ ê¸°ëŒ€ë¼^^
nikluge-sa-2022-train-02849,ë‚´ê°€ ì¢‹ì•„í•˜ëŠ” #ì›í”¼ìŠ¤ ì¤‘ì— í•˜ë‚˜ ðŸŒ¸
nikluge-sa-2022-train-02944,ì—­ì‹œ ë°”ë¥´ê³  ë‚œ ì§í›„ì—ëŠ” ì´ë ‡ê²Œ ë§¨ë“¤ê±°ë¦¬ì§€ë§Œ ê¸ˆë°© ë°”ë¡œ í¡ìˆ˜ë˜ì–´ ë²„ë¦°ë‹µë‹ˆë‹¤.
nikluge-sa-2022-train-02706,ê±´ê°•í•œ ë‘í”¼ë¥¼ ìœ„í•´ ê¾¸ì¤€ížˆ ì“°ìžìž‰ !
nikluge-sa-2022-train-00232,ì™„ì „ ë§ŒëŠ¥ ë·°í‹°ë””ë°”ì´ìŠ¤ì—ìš”~~
nikluge-sa-2022-train-02079,ë¶€ë“œëŸ½ê³  ì´‰ì´‰í•˜ê²Œ ìŠ¤ë©°ë“œëŠ”ë° ëˆì í•¨ì´ ì—†ì–´ìš”
nikluge-sa-2022-train-00728,ìˆœí•˜ê³  ì‚¬ìš©í•˜ê¸° ì¢‹ì€.. #ë¼ì¹˜ë‚˜íƒ€í´ë Œì§•ë°€í¬
nikluge-sa-2022-train-01175,ì œê°€ ìƒê°í–ˆë˜ê²ƒë³´ë‹¤ ë” ì´ë»ìš”ðŸ˜
nikluge-sa-2022-train-00619,í”¼ë¶€ ìƒí™©ì— ë”°ë¼ ë‹¤ë¥´ê²Œ ì•°í”Œì„ ê³¨ë¼ ì‚¬ìš© í•  ìˆ˜ ìžˆëŠ” ì œí’ˆì¸ ì§€ë””ì¼ë ˆë¸ ì…€ íŒ©í† ë¦¬ ì£¼ì‚¬ê¸° ì•°í”Œ
nikluge-sa-2022-train-01800,ì»´í“¨í„° í•˜ëŠ”ê³³ì´ ë§‰í˜€ ìžˆì–´ ë²Œì¨ë¶€í„° ì¼í•˜ë‹¤ ë³´ë©´ ë¥ê³  ë‹µë‹µí–ˆëŠ”ë° #íƒìƒìš©ì„ í’ê¸° ì‚¬ìš©í•˜ë‹ˆ ë„ˆë¬´ ì‹œì›í•˜ê³  ì¢‹ìœ¼ë‹¹~!!
nikluge-sa-2022-train-01794,ì¹œí™˜ê²½ì ì´ê³  ë°˜ì˜êµ¬ì ì´ë¼ í™”í•™ì ì¸ ì„±ë¶„ ê±±ì •ì—†ì´ ê²½ì œì ìœ¼ë¡œ ì‚¬ìš©í•  ìˆ˜ ìžˆì–´ ìžê¸° ëª¸ì„ ì†Œì¤‘ížˆ ì—¬ê¸°ëŠ” ì—¬ì„±ë“¤ì—ê²Œ ê°ê´‘ì„ ë°›ê³  ìžˆëŠ”ë°ìš”
nikluge-sa-2022-train-02946,ë•ë¶„ì— ë§¤ì¼ ìŒ“ì´ëŠ” ê°ì§ˆ ì €ì ˆë¡œ ë–¨ê¶ˆë‚´ì£¼ê³  ê°ì§ˆì´ ìž˜ ìŒ“ì´ì§€ì•Šê²Œ ê±´ì¡°í•¨ê¹Œì§€ ê½‰ ìž¡ì•„ì£¼ë‹ˆê¹Œ ì•„ê¸°ë°œ ë§Œë“¤ê¸° ìˆœì‹ê°„ì´ì—ìš”!
nikluge-sa-2022-train-01124,#ì•„ì´ë°©ê¾¸ë¯¸ê¸° í• ë•Œë„ ì¶©ë¶„ížˆ ì¢‹ì•„ìš”ðŸ˜Š
nikluge-sa-2022-train-01822,ëœ¨ëŠ”ê²ƒë„ ì—†ì–´ìš”~
nikluge-sa-2022-train-01612,ë¹ ë¥´ê²Œ í¡ìˆ˜ë˜ë©´ì„œ ë°œë¦¼ì„± ì¢‹ì•„ì„œ ìžê¾¸ë§Œ ë°”ë¥´ê³ ì‹¶ë ~~
nikluge-sa-2022-train-02523,"ë¸Œë¦´ë¡œì¦ˆ ì‹œì¹´ë¡œì¦ˆíŒ©ì€ 1ìž¥ì— ë§ˆìŠ¤í¬íŒ©ìœ¼ë¡œ ì§„ì •, ë³´ìŠµ, ì˜ì–‘, ë¯¸ë°±, ìˆ˜ë¶„ 5ê°€ì§€ ê¸°ëŠ¥ì´ í•œë²ˆì— ë“¤ì–´ìžˆì–´ì„œ ë§ˆìŠ¤í¬íŒ© í•˜ë‚˜ë¡œ ìŠ¤í‚¨ì¼€ì–´ë¥¼ ì œëŒ€ë¡œ í•  ìˆ˜ ìžˆë‹¤ëŠ” ê²ƒì´ íŠ¹ì§•ì¸ë°ìš¤ ã…Žã…Ž!"
nikluge-sa-2022-train-01713,ë¯¿ê³  ì“°ëŠ” #ë·°í‹°ì±Œë¦°ì§€ ë² ìŠ¤íŠ¸í…œ
nikluge-sa-2022-train-01905,ì«€ì«€í•œ ì œí˜•ì— ëˆì ìž„ ì—†ì´ í”¼ë¶€ì— í¡ìˆ˜ê°€ ìž˜ëŠ” #ìžì—°ë‹´ì€ìœ ë¦¬ë³‘
nikluge-sa-2022-train-01145,ì´ê±´ ì™„ì „ #ì‹ ì„¸ê³„ ã…Žã…Ž
nikluge-sa-2022-train-02441,ë‹ˆì½”í‹´ì‚°ì•„ë¯¸ë“œ ì‹¤ë¦¬ì‹ ì‚° í† ì½”íŽ˜ë¡¤ì•„ì„¸í…Œì´íŠ¸ ë“± ëª¨ë°œê³¼ ëª¨ê·¼ ëª¨ë°œêµµê¸° ê°•í™”ì— ë„ì›€ì„ì£¼ëŠ” ì„±ë¶„í•¨ìœ ë¡œ ëª¨ë°œì„ í’ì„±í•˜ê²Œ ë‘í”¼ë¥¼ ê±´ê°•í•˜ê²Œ í•´ì£¼ëŠ” ë‘í”¼/ëª¨ë°œì¼€ì–´í—¤ì–´í† ë‹‰!!
nikluge-sa-2022-train-02518,ì™„ì „ ì´ê±° ì‹ ì„¸ê³„ìž–ì•„ìš”
nikluge-sa-2022-train-02407,ê±°ë­‡ê±°ë­‡ ë‚´ í”¼ë¶€ë¥¼ ìœ„í•´ ì™„ì£¤ í•«í•œ ë¸”ëž™ì•„ì›ƒ ë¯¸ë°±í¬ë¦¼ ì‚¬ìš©ì¤‘!!
nikluge-sa-2022-train-00186,ì •ë§ ìš”ì¦˜ ì—†ì–´ì„œëŠ” ì•ˆë  ë‚´ í™”ìž¥ëŒ€ì˜ í•„ìˆ˜í…œë“¤!
nikluge-sa-2022-train-02082,í”¼ë¶€ì† ê°ˆì¦ì„ í•´ì†Œí•´ì£¼ê³  ì˜ì–‘ê¹Œì§€ ì±„ì›Œì¤˜ í”¼ë¶€ê°€ ë°ì•„ì§„ ëŠë‚Œ~
nikluge-sa-2022-train-00173,ì´ì   #ì‹ ìƒì•„ì•„ê¸°ë  ë²—ì–´ë‚˜ë‚˜ ì‹¶ì§€ë§Œ.. ìš”ì¦˜ì€ #ì˜¬ì¸ì›ì•„ê¸°ë  ë¡œ #ì•„ê¸°ë  ë¶€í„°.. #íž™ì‹œíŠ¸ ê¹Œì§€ë„ ëª¨ë‘ í•œë²ˆì— í•´ê²°ì´ ë˜ì£ ..
nikluge-sa-2022-train-02083,ëˆì ì´ì§€ ì•Šê³  ê°€ë²¼ìš´ ì œí˜•ìœ¼ë¡œ ë¹ ë¥´ê²Œ ìŠ¤ë©°ë“¤ê³  ì´‰ì´‰í•´ìš”
nikluge-sa-2022-train-00821,ìš°ë¦¬ì•„ë“¤.. ì •ë§ ë•€ë„ ë§Žì´ í˜ë¦¬ëŠ”ë°.. ì´ë ‡ê²Œ.. í‹€ì–´ì£¼ë©´ ì‹œì›í•˜ê³  #ê³µê¸°ìˆœí™˜ ì„.. í†µí•´ì„œ ì—ë„ˆì§€ë„ 20%ë‚˜ ì ˆì•½ ã…Žã…Ž..
nikluge-sa-2022-train-02121,ìš°ì™• êµ¿ðŸ‘ðŸ»
nikluge-sa-2022-train-00225,ì™„ë²½í•œ ì„¸ì•ˆì´ ë˜ê³ ~ì„¸ì•ˆí›„ ì´‰ì´‰í•¨ë„ ëŒ€ë°•!!
nikluge-sa-2022-train-01875,"ì£¼ë¦„,ë¯¸ë°±,í”¼ë¶€ì§„ì •,ë³´ìŠµì„ #ë¦¬ë‰´ë³¸ë‹¬íŒ½ì´í¬ë¦¼ í•˜ë‚˜ë¡œ #í”¼ë¶€ê´€ë¦¬"
nikluge-sa-2022-train-01786,íŒŒìš°ì¹˜ì— ì™ ë„£ê³  ìžì£¼ ìžì£¼ ë°œë¼ì¤˜ì•¼ê² ì–´ìš”
nikluge-sa-2022-train-02676,ì†Œìž¥ ìš•êµ¬ ë¿œë¿œ!
nikluge-sa-2022-train-01686,ì•„ë¥´ê°„ì˜¤ì¼ ë° ì¢‹ì€ì„±ë¶„ë§Œ ë„£ì€ ì €ìžê·¹ì„±í¬ë¦¼ìœ¼ë¡œ ë¯¼ê°í”¼ë¶€ì—ë„ ì§±!!
nikluge-sa-2022-train-00856,í•˜íŠ¸ë¼ì¸ì„ í¬ê²Œ ì¢‹ì•„í•˜ì§„ ì•ŠëŠ”ë° ìš”ê³¤.. ë§˜ì— ë“ ë‹¤~
nikluge-sa-2022-train-01510,#ì™¸ì¶œí•„ìˆ˜í…œ ìœ¼ë¡œ ìš”ì¦˜ í•œì°½ ìž˜ ì“°ê³  ìžˆëŠ” #ì—¬ë¦„ì´ë¶ˆ
nikluge-sa-2022-train-00494,ì´ê±° ì¤‘ë…ì„± ì©”ì–´ìš”...
nikluge-sa-2022-train-01825,#íŒ©ì¶”ì²œ
nikluge-sa-2022-train-01804,í”¼ë¶€ì— ì°© ë°€ì°©ë˜ì–´ ë¶€ë“œëŸ¬ìš´ ì‚¬ìš©ê° ìµœê³ ë„¤ìš”
nikluge-sa-2022-train-01209,#ë‹¥í„°ì§€ #ì—ì–´ë¦¬ìŠ¤í‚¨ì—…ì„  ì‚¬ìš©í•´ë³´ê³  ìžˆëŠ”ë° ì œí˜•ì— ë†€ëž¬ì–´ìš”~
nikluge-sa-2022-train-02633,"í™˜ì ˆê¸°, ì‰½ê²Œ #ë¯¼ê°í”¼ë¶€ ë˜ê³¤ í•˜ëŠ”ë° #ë²„ë¸”í”„ë¦¬pHë°¸ëŸ°ì‹±í´ë Œì ¸ ì‚¬ìš©í•˜ë‹ˆ ìžê·¹ ZERO"
nikluge-sa-2022-train-01347,ì™¸ì¶œí• ë•Œ ê¼­ í•„ìš”í•œ #í•«íŒ©
nikluge-sa-2022-train-00547,"ì—¬í–‰ ê°ˆ ë•Œ, ì™¸ì¶œí•  ë•Œ ìš”ê±´ #í•„ìˆ˜í…œ"
nikluge-sa-2022-train-01101,ë°”ë‹¥ë©´ì´ ëš«ë ¤ìžˆì–´ì„œ ê±°ì‹¤ì€ ë¬¼ë¡ ì´êµ¬ ì¹¨ëŒ€ìœ„ì—ì„œë„ ë§¤íŠ¸ë¦¬ìŠ¤ì— ë¼ì›Œ í”ë“¤ë¦¼ì—†ì´ ì‚¬ìš©í• ìˆ˜ ìžˆìŠµë‹ˆë‹¤!!
nikluge-sa-2022-train-00929,ê¸´ë¨¸ë¦¬ì— ë¨¸ë¦¬ìˆ±ê¹Œì§€ ë§Žì•„ì„œ ì –ì€ë¨¸ë¦¬ì¹´ë½ ë§ë¦¬ëŠ”ë° ì‹œê°„ì´ ë„˜ë„˜ ì˜¤ëž˜ê±¸ë ¸ì—ˆëŠ”ë° #ë°”ìœì‹œê°„ë‹¨ì¶•
nikluge-sa-2022-train-01628,ì›í˜•ëª¨ ëŠë‚Œì´ ë„ˆë¬´ ê¶ê¸ˆí•´ì„œ í•˜ë‚˜ ì‚¬ë´„..
nikluge-sa-2022-train-00727,ì´ê±° ì‚¬ìš© í›„ #ë§ˆìŠ¤í¬ ì°©ìš© í•„ìš”ë„ ì—†ê³ .. #ë´„ ê½ƒê°€ë£¨ê°€ ì‹¬í•´ì„œ ì™¸ì¶œì‹œ ë¶ˆíŽ¸í–ˆëŠ”ë°.. ì´ì   ê±±ì • ë…¸ë†‰~
nikluge-sa-2022-train-00772,#ëª…í’ˆì¹«ì†” ë‹¬ë¼ë„ ë‹¤ë¥¸ê²Œ ì–‘ì¹˜í›„ ìž‡ëª¸ë„ ë§Žì´ ë¶“ê¸°ë„ í–ˆëŠ”ë° ë¶“ì§€ë„ ì•Šê³  ðŸ‘
nikluge-sa-2022-train-02182,ìš”ì¦˜ ì™„ì „ ê¿€í”¼ë¶€ë¥¼ ìžëž‘í•©ë‹ˆë‹¹
nikluge-sa-2022-train-00480,"ê³ í•¨ìœ  ì¤„ê¸°ì„¸í¬ ë°°ì–‘ì•¡ìœ¼ë¡œ ì•½í•´ì§€ê³  ë¯¼ê°í•´ì§„ í”¼ë¶€ë¥¼ ì§„ì •ì‹œí‚¤ê³ , ìƒê¸°ìžˆëŠ” í”¼ë¶€ë¡œ ë³µì›í•˜ëŠ”ë° ë„ì›€ì„ ì£¼ê±°ë“ ìš”.."
nikluge-sa-2022-train-02319,ì‹±ê¸€ì¦ˆ ë² ìŠ¤íŠ¸í…œ ëª¨ë‘ ì¶”ì²œí…œâ™¥
nikluge-sa-2022-train-02586,ë•ì§€ë•ì§€ ë°œë¼ë„ ë½€ì†¡ë½€ì†¡í•˜ê²Œ í”¼ë¶€ì— ì‹¹ ìŠ¤ë©°ë“¤ì–´ ì‹ ê¸°í•˜ë”ë¼+_+
nikluge-sa-2022-train-02941,í•œ ì˜¤ë¶„ ì •ë„ê°€ ì§€ë‚˜ë©´ í¡ìˆ˜ê°€ ì‹¹ ë˜ë”ë¼êµ¬ìš”.
nikluge-sa-2022-train-02904,#í† ë„ˆ #ì—ë©€ì „ #ì„¸ëŸ¼ ìˆœìœ¼ë¡œ ë°”ë¥´ëŠ”ë° ì „ì²´ì ìœ¼ë¡œ ì‚°ëœ»í•˜ê²Œ í¡ìˆ˜ê°€ ìž˜ë˜ì„œ ì¢‹ë‹¤.
nikluge-sa-2022-train-02895,ë””ìžì¸ë„ ì´ì˜ê³  ì²œì—°ê³„ë©´í™œì„±ì œë¥¼ ì‚¬ìš©í•œ ì°©í•œì¹˜ì•½ #ì•„ë¼í¬ë¦¬ìŠ¤
nikluge-sa-2022-train-02015,ìˆ˜ì œë¡œ ë§Œë“  ë¹„ëˆ„ë¡œ ê³ ê¸‰ì§€ë°©ì‚°ê³¼ ê¸€ë¦¬ì„¸ë¦°ì´í•¨ìœ ë˜ì–´ ìžˆì–´ í’ë¶€í•˜ë©´ì„œ ê³ ìš´ ê±°í’ˆìœ¼ë¡œë¯¼ê°í•œ í”¼ë¶€ì— êµ¿!
nikluge-sa-2022-train-02397,í™˜ê²½í˜¸ë¥´ëª¬ì„ í¬í•¨í•œ ìœ í•´ë¬¼ì§ˆ ë¶ˆê²€ì¶œì´ ì¸ì¦ëœ ì•ˆì „í•œ ì œí’ˆì´ê¸°ì— ì•„ì´ ìž¥ë‚œê°ì´ë‚˜ ì‹ê¸°ë“±ë„ ì•ˆì „í•˜ê²Œ ì„¸ì²™í•  ìˆ˜ ìžˆë”ë¼êµ¬ìš”
nikluge-sa-2022-train-02430,ì´ì œ ë¯¼ê°í•˜ê³  ì˜ˆë¯¼í•œ ê·¸ë‚ ë„ ìžì—° ê·¸ëŒ€ë¡œë¥¼ ë‹´ì€ #ë¼ë„¤ì´ì²˜ ë•ë¶„ì— ì•ˆì‹¬í•  ìˆ˜ ìžˆì–´ ë„˜ ì¢‹ì•„ìš”~
nikluge-sa-2022-train-00777,ì € ìƒ¤í”„ ê°€ì„±ë¹„ ì¢‹ì•„ìš”!
nikluge-sa-2022-train-02581,ì§€ì„±ì´ë¼ ê·¸ëŸ°ì§€ ì‹œê°„ ì§€ë‚˜ë©´ ë§‰ ë²ˆë“¤ê±°ë¦¬ëŠ”ë° ìš”ê±´ 68%ì´ìƒ ì—ì„¼ìŠ¤ë¥¼ í•¨ìœ í•´ì„œ ì´‰ì´‰í•˜ë©´ì„œë„ ëˆì ìž„ ì—†ëŠ”ê²Œ ë‚˜í•œí…Œ ë”±ë§žì•„!
nikluge-sa-2022-train-01939,ìƒ¤ì›Œí›„ ê°€ë³ê²Œ ë¿Œë ¤ì£¼ë©´ ìž”í–¥ë„ ì˜¤ëž˜ê°€ ë¨¸ë¦¬ë¶€í„° ë°œëê¹Œì§€ í–¥ê¸°ë¡œìš´ ì—¬ìž~
nikluge-sa-2022-train-00022,ê¸°ëŠ¥ì´ ë„ˆë¬´ ë§Žì•„ì„œ í•˜ë£¨ ì•ˆì— ë‹¤ ë’¤ì ¸ë³´ì§€ë„ ëª»í–ˆë„¤.
nikluge-sa-2022-train-00334,ë©”ì´ì ¸íšŒì‚¬ ë¸Œëžœë“œ ìƒí’ˆë³´ë‹¤ í›¨ì”¬ ë‚«ë„¤ðŸ™‚
nikluge-sa-2022-train-01105,ëª¨ê¸°ë‚˜ ë²Œë ˆì— ì•ŒëŸ¬ì§€ë°˜ì‘ì´ ì‹¬í•˜ê²Œ ì˜¬ë¼ì˜¤ëŠ” ì•„ê¸°í”¼ë¶€ì¸ì§€ë¼ ì´ì   ë°ì½”ë·° ëª¨ê¸°ìž¥ìœ¼ë¡œ ìžëŠ”ë‚´ë‚´ ì§€ì¼œì£¼ê³  ìžˆë„¤ìš”ðŸ˜Š
nikluge-sa-2022-train-01552,ê¹¨ë—í•œ í™”ì´íŠ¸ ì»¬ëŸ¬ì— ëª¨ë˜í•œ ë””ìžì¸ìœ¼ë¡œ #ì£¼ë°©ì¸í…Œë¦¬ì–´ ì— í•œ ëª« í•˜ëŠ” #ì˜ˆìœì£¼ë°©ì„¸ì œ
nikluge-sa-2022-train-01840,ê·¸ëŸ° í”¼ë¶€ë¥¼ ë°”ë¡œ ìž¡ì•„ì¤„ #ACí´ë¦¬ì–´í¬ë¦¼
nikluge-sa-2022-train-02461,í•œê²¨ìš¸ì—ë„ í”¼ë¶€ì†ë¶€í„° ì´‰ì´‰í•œ í”¼ë¶€ë¥¼ ë§Œë“¤ì–´ì£¼ëŠ” #í‚¤ì—˜ #ìš¸íŠ¸ë¼í›¼ì´ì…œí¬ë¦¼
nikluge-sa-2022-train-00927,#ì´‰ì´‰í•˜ê²Œ ì†ë„ ë³´í˜¸í•˜ê³  #ì„¤ê±°ì§€ ë„ #ë½€ë“œë“ ê¹¨ë—ì´~
nikluge-sa-2022-train-01121,&name&ê°€ ë³´ìžë§ˆìž ì¢‹ì•„í•´ì„œ ì—„ë§ˆëŠ” ê·¸ê²ƒë§Œ ë´ë„ í–‰ë³µí–ˆì–´ìš”.
nikluge-sa-2022-train-02424,"ë¨¸ìŠ¬ë¦° ì†Œìž¬ë¡œ ì•ˆìª½ì€ ë”°ëœ»í•˜ê²Œ ë³´í˜¸ë˜ë©´ì„œë„ í†µê¸°ì„±, í¡ìˆ˜ë ¥, ì‹ ì¶•ì„±ì´ìš°ìˆ˜í•´ì„œ ì²´ì˜¨ì¡°ì ˆì—ë„ ìš©ì´í•œ ìžì—°ì†Œìž¬ì˜ #ë¦¬í‹€ìœ ë‹ˆì½˜ #ìˆœë©´ë¸”ëž­í‚·"
nikluge-sa-2022-train-01475,ì‚°ë”¸ê¸°ì— í”Œë ˆì¸ìš”ê±°íŠ¸ì™€ ìš°ìœ  ê±°ê¸°ì— ì–¼ìŒ í•œ ì»µ ë„£ê³  ê°ˆì•„ì£¼ë‹ˆ ì–´ë¨¸ ì™„ì „ ê¸ˆë°© ê°ˆë¦¬ë„¤??
nikluge-sa-2022-train-00773,ìŠ¤ìœ„ìŠ¤ ì¹˜ì˜í•™ë°•ì‚¬ë“¤ì´ ì§ì ‘ ê°œë°œí•˜ê³  ì œìž‘í•œ ì¹«ì†”ì´ë¼ë”ë‹ˆ #ì¹˜ì•„ê±´ê°• í•´ì§€ëŠ”ë“¯ã…Žã…Ž
nikluge-sa-2022-train-01637,íœ´ëŒ€í•˜ê¸°ë„ ë”± ì¢‹ì€ ì‚¬ì´ì¦ˆë¡œ íŒŒìš°ì¹˜ì— ì™~
nikluge-sa-2022-train-01766,ì •ë§ ëŒ€ë°• #ë§ˆìŠ¤í¬íŒ© ë°œê²¬í–ˆì–´ìš”
nikluge-sa-2022-train-01383,fitiì—ì„œ kc ì¸ì¦ ë°›ì€ ìœ í•´ë¬¼ì§ˆ ë¯¸ê²€ì¶œëœ ì•ˆì „í•œ ìº¡ìŠë°´ë“œ ì˜¬ ì—¬ë¦„ ëª¨ê¸°ë¡œë¶€í„° ìš°ë¦¬ ê°€ì¡± ì•ˆì „í•˜ê²Œ ì§€ì¼œì¤˜~â™¥ï¸
nikluge-sa-2022-train-00028,"ê°ì§„ ì¸ìƒ, í°ë„ ì‚¬ê°ì´ ì¢‹ê³  ë’·ë°±ë„ íŽ„ ê°™ì€ ê±° ì¢€ ë³„ë¡¤ì„¸;;"
nikluge-sa-2022-train-01645,í”¼ë¶€ ê¹Šìˆ™í•œ ê³³ê¹Œì§€ #ìˆ˜ë¶„ê³µê¸‰
nikluge-sa-2022-train-01261,ê½ƒìžŽì´ í•˜ë‚˜í•˜ë‚˜ ì‚´ì•„ ìžˆëŠ”ê²Œ ë„ˆë¬´ ì‹ ê¸°í•˜ê³  ì‚¬ëž‘ìŠ¤ëŸ¬ìš´ ì²´ë¦¬ë¸”ë¼ì¸ ë°”ë””ì›Œì‹œ.
nikluge-sa-2022-train-00907,ë”êµ°ë‹¤ë‚˜ ì˜ˆì˜ê¸°ê¹Œì§€
nikluge-sa-2022-train-00621,ê·¸ë¼ê·¸ ì œì¼ ëŒ€ë°•ì¸ê±´ ~~ ì¸ì²´ ì œëŒ€í˜ˆ ì„¸í¬ ë°°ì–‘ì•¡ì´ í•¨ìœ ëœ ì•°í”Œì´ëžë‹ˆë‹¤
nikluge-sa-2022-train-00461,í™ˆì‡¼í•‘ì—ì„œë„ êµ‰ìž¥ížˆ ì¸ê¸°í…œì´ë¼ê³  í•˜ë˜ë°.. ì•„ì¹¨ ìž…ëƒ„ìƒˆê¹Œì§€ ê°œì„ ì‹œì¼œì£¼ë‹ˆê¹Œ ëª¨ë‹í‚¤ìŠ¤ë¥¼ ë¶€ë¥´ëŠ” ì¹˜ì•½ì´ë¼ê³ ë„í•˜ë„¤ì˜„ã…‹ã…‹ã…‹ã…‹ã…‹
nikluge-sa-2022-train-02750,ì œêº¼ í•˜ê³  ì‹¶ì€ê±° ê¾¹ ì°¸ì•˜ë„¤ìš” ã…‹
nikluge-sa-2022-train-02707,ìš”ì¦˜ ëŒ€ì„¸ #ì”¹ëŠ”ì¹˜ì•½
nikluge-sa-2022-train-02758,80ë…„ê°„ í—ë¦¬ì›ƒ ìŠ¤íƒ€ë“¤ì˜ ì‚¬ëž‘ì„ ë°›ê³ ìžˆëŠ” #ë ˆë¸Œë¡ ë¦½ìŠ¤í‹±
nikluge-sa-2022-train-02964,ë‚´ ë¨¸ë¦¬ìƒ‰ì´ëž‘ ì°°ë–¡ê°™ì•„ì„œ ìžì—°ìŠ¤ëŸ¬ìš´ ëª¨ìŠµì„ ë” ë³´ì—¬ì£¼ê³  ì‹¶ì€ë° ìš”ë ‡ê²Œ ë°ê¸° ì²˜ë¦¬í•˜ë©´ ìž˜ ë³´ì´ë ¤ë‚˜
nikluge-sa-2022-train-02622,ì „ë°©ë³´ê¸° ì—„ë§ˆë³´ê¸° ë­ë“  ë‹¤ Ok
nikluge-sa-2022-train-01301,ëƒ‰ìž¥ê³ ë³´ë‹¤ ë” í•„ìš”í•œ #ëƒ‰ìž¥ê³  ë¼ëŠ”ê±¸ ì œëŒ€ë¡œ ì‹¤ê°í•  ìˆ˜ ìžˆì—ˆëŠ”ë°ìš”~
nikluge-sa-2022-train-01817,í•‘í¬í„°ì¹˜ +ì„¸ëŸ¼ ë¯¹ìŠ¤ ì¶”ì²œ!
nikluge-sa-2022-train-00226,ìš”ê±°ìš”ê±° ë¬¼ê±´ì´ì—ìš©~~!
nikluge-sa-2022-train-01315,ê±´ì¡°í•œ ë´„ë‚ ì”¨ì— ë”±ì¸ë“¯~
nikluge-sa-2022-train-02249,ê¹Œë§£ê¸¸ëž˜ ì²˜ìŒì—” ë­”ê°€ ì‹¶ì—ˆëŠ”ë° ìŠ¤í¬ëŸ½ê³¼ ê³¡ë¬¼ìž…ìžë¡œ ë¸”ëž™í—¤ë“œê´€ë¦¬ê°€ ë˜ì–´ì„œ ë„˜ ì¢‹êµ¬ë‚˜~~
nikluge-sa-2022-train-01159,ì´ê±° ì²˜ìŒ ì‚¬ìš©í•´ë´¤ëŠ”ë° ì§„ì§œ ë“±ì´ ë”°ë•ƒí•´ìš”ã…‹ã…‹
nikluge-sa-2022-train-02881,#ê°€ì„±ë¹„ì¢‹ì€ #ì¸ë²¨ë¡œ ì¨ë³´ë‹ˆ ë” ì•Œê² ë”ë¼êµ¬ìš”
nikluge-sa-2022-train-00016,ì–´ì œ ìƒ€ëŠ”ë° ì˜¤ëŠ˜ ì•ˆ ë˜ë”êµ°.
nikluge-sa-2022-train-01751,ë°œìƒ‰ë ¥ ì§± ì¢‹ì€ #ë¡œí•˜ì…€ê¸€ë¡œì‹œë¦½ìŠ¤íƒ¬í”„
nikluge-sa-2022-train-00213,ì€ì€í•œ ë² ì´ë¹„íŒŒìš°ë”í–¥ìœ¼ë¡œ ê¸°ë¶„ê¹Œì§€ ì¢‹ì•„ì§€ëŠ” #ìœ ì•„ì„¸ì œ
nikluge-sa-2022-train-00336,ìž…ì´ ì–¼ì–¼í• ì •ë„ë¡œ ê°•í•œ ì¹˜ì•½ë“¤ì€ ì½”ê°€ì°¡ ë§µê³  ëª¸ì´ ì•ˆì¢‹ì€ ê¸°ë¶„ì¸ë° ì˜¨ê°€ì¡±ì´ ë‹¤ì‚¬ìš©í•  #ì¹˜ì•½ ìœ¼ë¡œë„ ë”± ì¸ë“¯! ðŸ˜€
nikluge-sa-2022-train-00630,ê·¸ë‚ ê·¸ë‚  ê¸°ë¶„ë”°ë¼ ì•„ì´ë¼ì´ë„ˆ ìƒ‰ë„ ë°”ê¿”ì£¼ê³ ìžˆìŠµë‹ˆë‹¹
nikluge-sa-2022-train-00968,ë‚¨ë…€ëª¨ë‘ì‚¬ìš©í•  ìˆ˜ ìžˆëŠ” í–¥
nikluge-sa-2022-train-01050,ë‚˜ëŠ” í”¼ë¶€ê°€ ì˜ˆë¯¼í•œ íŽ¸ì´ë¼ ìˆœí•œ ì œí’ˆì´ ìž˜ ë§žëŠ”ë° #ìœ ì¹¼ë¦½íˆ¬ìŠ¤ë²„ë¸”ìƒ´í‘¸ì•¤ë°”ìŠ¤ ë¥¼ í¼í´ë Œì§•ìœ¼ë¡œ ì‚¬ìš©í•˜ë©´ì„œë¶€í„° ë¾°ë£¨ì§€ë„ ìž˜ ì•ˆë‚˜ê³  ë§Œì¡±í•´ì„œ ê³„ì† ì“°ëŠ”ì¤‘~~
nikluge-sa-2022-train-00887,ëˆì ì¼ ë¶€ë‹´ ì—†ì´ ë¯¸ìŠ¤íŠ¸ëŠ” ìˆ˜ì‹œë¡œ ë¿Œë¦´ ìˆ˜ ìžˆì–´ì„œ.. ê°€ë°©ì† í•„ìˆ˜ ì•„ì´í…œì´ ë˜ì–´ë²„ë ¸ìŠµë‹ˆë‹¤ ã…‹ã…‹..
nikluge-sa-2022-train-01902,ëˆì ìž„ ì—†ê³  ì‹œì›í•˜ë©° ìˆ˜ë¶„ì´ ë§Žì•„ìš”
nikluge-sa-2022-train-02196,ì˜ˆë¯¼í•œ í”¼ë¶€ì—ë„ ì•ˆì‹¬í•˜ê³  ì‚¬ìš©í•˜ì„¸ìš”
nikluge-sa-2022-train-00643,99.9% ìžì—°ìœ ëž˜ì˜ ì°©í•œ ì„±ë¶„ë“¤ì´ë¼ì„œ ì•ˆì‹¬í•˜ê³  ì‚¬ìš©í•  ìˆ˜ ìžˆëŠ” ì—¬ì„±ì„ ìœ„í•œ ì œí’ˆì´ëžë‹ˆë‹¹
nikluge-sa-2022-train-01961,ë²ˆë“¤ê±°ë¦¼ì´ì—†ì–´ìš”~~
nikluge-sa-2022-train-01471,ë°€ì°©ë ¥ ì¢‹ì€ ì‹œíŠ¸ê°€ ì–¼êµ´ì— #ì°©ë¶™ ì–´ë§ˆì–´ë§ˆì•ˆ ì•°í”Œë¯¸ íë¥´ì§€ ì•Šê³  ì™ì™ í¡ìˆ˜ë˜ì§€ìš”.
nikluge-sa-2022-train-02575,ì«€ì«€í•œ ì œí˜•ì´ ê°€ë³ê³  ìˆ˜ë¶„ê° ê°€ë“í•˜ê²Œ ë°œë¦¬ëŠ”ê²Œ ìš”ì¦˜ ì‚¬ìš©í•˜ê¸° ë”± ì¢‹ì•„!
nikluge-sa-2022-train-02111,ì€ì€í•œí–¥ë„ ë„ˆë¬´ ì¢‹ì€ë°ë‹¤ ì§„ì§œìˆœí•˜ê³  ìžê·¹ì´ ì—†ëŠ”ê²ƒ ê°™ì•„ìš”
nikluge-sa-2022-train-00132,#&name&ì´ìœ ì‹ ë“¤ì–´ê°€ë©´ì„œ ë§Œë“¤ì–´ì¤˜ì•¼ê² ë‹¤.. ìƒê°í–ˆëŠ”ë° ì—­ì‹œë‚˜ ë„˜ë‚˜ ê°„íŽ¸í•œ #ë² ì´ë¹„ì¿¡ì†”ë¡œ ..
nikluge-sa-2022-train-02368,ë½€ì–€ ë¹›ê¹”ì˜ ë¬´ê²ì§€ ì•Šì€ ì œí˜•ì´ë¼ ëˆì ìž„ ì—†ì´ ì‚°ëœ»í•˜ê²Œ í¡ìˆ˜ë˜ë‹ˆê¹Œ #ë°ì¼ë¦¬ì•°í”Œ ë¡œ ë„ˆë¬´ ë§˜ì— ë“¬
nikluge-sa-2022-train-01250,ì´ì˜ì£ ??ðŸ˜ðŸ˜€
nikluge-sa-2022-train-02994,ì§€ê¸ˆ ìž…ì—ˆëŠ”ë° ë§¤ìš° ë”°ëœ»í•˜ê³  ë”°ê°‘ë‹¤
nikluge-sa-2022-train-02348,ë§ˆë¯¸ê°€ ë¬¼ë¡œ ë°ë ¤ë§ˆì‹œëŠ” ìš°ìŠ¬ì´ˆ ë¿Œë¦¬ ì„¸ì²™ë„ ê°„íŽ¸í•´ì„œ ë§Œì¡±í•˜ì‹œëŠ” ðŸ˜
nikluge-sa-2022-train-02191,ì €ë„ ë°œë¼ë³´ê³  ë¿… ë°˜í–ˆì–´ìš”ðŸ‘
nikluge-sa-2022-train-01813,ë¸”ë£¨ì§„ë¶€í„° ì„¸ë¯¸ì •ìž¥ê¹Œì§€ ì–´ëŠ ìŠ¤íƒ€ì¼ì— ë‹¤ ìž˜ ì–´ìš¸ë¦¬ì§€ìš”
nikluge-sa-2022-train-02534,í”¼ë¶€í‘œí˜„ ë„ˆë¬´ ì—ë»ì„œ ê¹œì§ ë†€ëž¬ë˜ ë£¨ë‚˜ ì½”ì–´ í• íŒŒìš´ë°ì´ì…˜ â˜…
nikluge-sa-2022-train-00788,ê°œì¸ì ìœ¼ë¡œ ê°•ì¶”!
nikluge-sa-2022-train-02207,ìžì—°ìŠ¤ëŸ½ê²Œ í”¼ë¶€ì— ë°€ì°©!
nikluge-sa-2022-train-00445,ë‚˜ ì˜¤ëŠ˜ë¶€í„° ì§„ì§œ #ë‹¤ì´ì–´íŠ¸ í•˜ëŠ” ì—¬ìžë‹ˆê¹ #ê°„ì½”ì¹˜ë„ì‹œë½ #ìˆ˜ê°€í´ë Œì¦ˆë¯¸ ì¥¬ìŠ¤ ì±™ê¸°ê³  ë„˜ë‚˜ ê°€ë²¼ì›Œì„œ ìš”ì¦˜ ë§¨ë‚  ì±™ê²¨ ë‹¤ë‹ˆëŠ” #g9xmark2 ê¹Œì§€ðŸ’•
nikluge-sa-2022-train-02738,ì•¼ë‹¤ì„ í¬ë¦¼ì´ ìžˆìœ¼ë‹ˆê¹ ì‹ ë‚˜ê²Œ ëŒì•„ë‹¤ë…€ë„ ì•ˆì‹¬ì´ì—ìš©â™¡â™¡
nikluge-sa-2022-train-00041,ì•„ë¬´ëž˜ë„ ë°œì´ë‹¤ ë³´ë‹ˆ ì´ëŸ¬ê³  ëŒì•„ë‹¤ë‹ ìˆ˜ë„ ì—†ê³  ì¹œì ˆí•˜ê²Œ ë¹„ë‹ ë´‰ì§€ê°€ ë“¤ì–´ìžˆë‹¤.
nikluge-sa-2022-train-00019,ë“±ë¡í–ˆë‹¤ê°€ ì•”ê¸°ìž¥ìœ¼ë¡œ ì˜®ê²¨ê°€ë©´ êµ‰ìž¥ížˆ íŽ¸ë¦¬í•œ ê¸°ëŠ¥ì´ë¼ í¬ê¸°í•  ìˆ˜ ì—†ë‹¤.
nikluge-sa-2022-train-00529,ë¯¸ì¹œ ì»¬ëŸ¬ê°ê³¼ ì¨í•œ ë°œìƒ‰ë ¥!
nikluge-sa-2022-train-01901,"ê°ˆë¼ì§€ëŠ” ë°œ, ìœ¤ê¸°ì—†ëŠ”ëª¸, í‘¸ì„í•œ ë¨¸ë¦¿ê²° ë¨¸ë¦¬ë¶€í„° ë°œëê¹Œì§€ ì‚¬ìš©ê°€ëŠ¥!"
nikluge-sa-2022-train-00976,í–‰ë³µí•œ ìˆ˜ë©´ìŠµê´€ ê¸¸ë“¤ì´ê¸° ì„±ê³µì„ ìœ„í•´ ë°€ë¡œì•¤ê°œë¹„ ì¹œí™˜ê²½ ìœ ì•„ ì°¨ë µì´ë¶ˆ ì¶”ì²œí•´ë´…ë‹ˆë‹¤~
nikluge-sa-2022-train-01525,ì¢‹ë‹¤..
nikluge-sa-2022-train-00762,#ëŒ€ë°•ì¶”ì²œ ðŸ‘ðŸ»ðŸ‘ðŸ»ðŸ‘ðŸ»ðŸ‘ðŸ»
nikluge-sa-2022-train-00077,ì™œ ì¼ë¥˜ ê¸°ì—…ì´ë¼ëŠ” ê²Œ ì•„ì´ë¦¬ë²„ë‚˜ ë‹¤ë¥¸ ì¤‘ì†Œì—…ì²´ë³´ë‹¤ ëª»í•˜ì§€?
nikluge-sa-2022-train-01320,ê·¸ë¦¬ê³  pH ë°¸ëŸ°ìŠ¤ë¥¼ ì•½ì‚°ì„±ìœ¼ë¡œ ìœ ì§€ì‹œì¼œì£¼ëŠ” #ìˆœí•œì—¬ì„±ì²­ê²°ì œë¼ ë¯¼ê°í•œ ë¶€ìœ„ë„ ì•ˆì‹¬í•˜ê³  ì¼€ì–´í•  ìˆ˜ ìžˆì„ ê²ƒ ê°™ë”ë¼ê³ ìš”~ðŸ‘
nikluge-sa-2022-train-01357,ë‚´ í”¼ë¶€ ë°¸ëŸ°ìŠ¤ ìž¡ì•„ì£¼ëŠ” ë² ìŠ¤íŠ¸ í¬ë¦¼ðŸ’
nikluge-sa-2022-train-01339,"ì•”í™˜ìš°ë“¤ì˜ ì¹˜ë£Œ í›„ ê±°ì¹ ì–´ì§„ í”¼ë¶€ë¥¼ ê°œì„ í•˜ê¸° ìœ„í•´ íƒ„ìƒí•œ ë¸Œëžœë“œ ë‹µê²Œ ìžê·¹ì€ ì ê³ , ì¦‰ê°ì ì¸ í”¼ë¶€ì§„ì • íš¨ê³¼ì™€ ë³´ìŠµê°ì„ ë‹¨ë²ˆì— ëŠê»´ë³¼ ìˆ˜ ìžˆì—ˆì–´ìš”."
nikluge-sa-2022-train-02986,"ë ˆëª¬ë°¤ê³¼ ë…¹ì°¨ ì¶”ì¶œë¬¼ ì €ìžê·¹, ìœ ê¸°ë†ì´ë¼ëŠ” ë¬¸êµ¬ê°€ ë§˜ì—ë“ ë‹¤íž›"
nikluge-sa-2022-train-01435,ê·¸ê²Œ ë°”ë¡œ ìš” ë°ì´í¬ë¦¼ì´ëžë‹ˆë‹¤^^
nikluge-sa-2022-train-01239,ê°€ë²¼ìš´ í™”ìž¥ì„ í•  ë•Œë©´ ëŠ˜ ë‚´ì†ì—ëŠ” í•‘í¬í„°ì¹˜ì™€ í•¨ê»˜ í•˜ê³  ìžˆìŒ^^
nikluge-sa-2022-train-00033,"ì˜¤íƒ€ë‚˜ê³  ã…–, ã„² ì´ëŸ° ê±° ì–´ë–»ê²Œ ë„£ëŠ”ì§€ ëª¨ë¥´ê² ë‹¤."
nikluge-sa-2022-train-02142,í”¼ë¶€ ì •í™”ì— ìš°ìˆ˜í•œ ìˆ¯ê°€ë£¨ í•¨ìœ 
nikluge-sa-2022-train-01754,ì™„ì „ ì œ ìŠ¤íƒ€ì¼ì´ëžë‹ˆë‹¤.
nikluge-sa-2022-train-02842,ì¼ë‹¨ í…ìŠ¤ì²˜ëŠ” ë°¤ì œí˜•ì— ê°€ê¹ê³  ë°œë¦¼ì„±ë„ ë¬´ê²Œê°ìžˆê²Œ ë°œë¦¼.
nikluge-sa-2022-train-01233,"ì‹±í¬ëŒ€ê±°ë¦„ë§, ìŒì‹ë¬¼ì“°ë ˆê¸°ë´‰íˆ¬ ëª¨ë‘ ì˜¥ìˆ˜ìˆ˜ì „ë¶„ìœ¼ë¡œ ë§Œë“¤ì–´ ìžì—°ë¶„í•´ë¼ëŠ” ì¹œí™˜ê²½ì œí’ˆì´ë¼ ë„˜ ì¢‹ì•„ìš”ðŸ‘"
nikluge-sa-2022-train-02525,ì˜ˆë¯¼í•œ í”¼ë¶€ë¼ì„œ ë§ˆìŠ¤í¬íŒ© ìž˜ëª» ì‚¬ìš©í•˜ë©´ í”¼ë¶€ê°€ ë¶‰ì–´ì§€ê³  ê°€ë ¤ìš´ë° ã…Žã…Žã…Ž ë¸Œë¦´ë¡œì¦ˆ ì‹œì¹´ë¡œì¦ˆ í•˜ì´ë“œë ˆì´íŒ… ë§ˆìŠ¤í¬íŒ©ì€ ì‚¬ìš©í•˜ìžë§ˆìž í”¼ë¶€ê°€ ë” ì¢‹ì•„ë³´ì´ë©´ ì–´ë–¡í•˜ì£  ã…Žã…Ž
nikluge-sa-2022-train-01314,ë¶€ë“œëŸ½ê³  ì´‰ì´‰í•˜ê²Œ ë°œë¦¬ëŠ”ë°ë‹¤ ìˆœí•˜ê¸°ê¹Œì§€í•˜ë‹¤ë‹
nikluge-sa-2022-train-01907,ëˆì í•¨ ì—†ì´ ì´‰ì´‰í•¨ì´ ìš”ëž«ë™ì•ˆ ìœ ì§€
nikluge-sa-2022-train-02555,í–¥ë³„ë¡œ ë§¤ë ¥ì´ ë„˜ë‚˜ ê°•ë ¤í¬í•˜ì—¬ ìžê¾¸ í‚í‚ ëŒ€ê³  ì‹¶ì€ ë‚¨ì¹œì—ê²Œ ê¼­ ì£¼ê³ ì‹¶ì€ í—¤ì´í†° ë°”ë””ìŠ¤í”„ë ˆì´ >_<!
nikluge-sa-2022-train-02610,ê½‰ ì±„ì›Œì£¼ëŠ” ëŠë‚Œ ëŠê»´ë´ ðŸ’•
nikluge-sa-2022-train-01064,ìˆœí•˜ê³  ì¢‹ì•„ì„œ ìž˜ì“°ê³  ìžˆë˜ ëˆ„ìž‰í™”ìž¥í’ˆ!
nikluge-sa-2022-train-02557,ìš”ë…€ì„ í•˜ë‚˜ë©´ ìš”ì¦˜ê°™ì€ ë‚ ì”¨ì— í”¼ë¶€ìžê·¹ê±±ì •ì´ ì—†ë‹¹
nikluge-sa-2022-train-00829,ì–´ë¨¸ ë„ˆë¬´ ì˜ˆë» >_<..
nikluge-sa-2022-train-00006,ì§€ê¸ˆ ë‚´ ì‹¤ë ¥ê³¼ ì €ì§ˆ ì²´ë ¥ìœ¼ë¡œëŠ” ì´ ì •ë„ ìžì „ê±°ë„ ë˜ê²Œ í›Œë¥­í•œ ê±°ë¼ëŠ”..
nikluge-sa-2022-train-01464,#ê³ ê¸‰ìŠ¤ëŸ¬ìš´í–¥
nikluge-sa-2022-train-02745,ì˜ˆì „ì—ëŠ” ë¹—ì§ˆ1ë„ ì•ˆë˜ê³  ëª¨ë°œì´ ë¶€ìŠ¤ìŠ¤í•˜ê³  ê±´ì¡°í•œê²Œ ì •ë§ í•œìˆ¨ë°–ì— ì•ˆë‚˜ì™”ëŠ”ë° í•œë‹¬ë‘ë‹¬ ì‚¬ìš©í•˜ê³  ë‚˜ë‹ˆ í™•ì‹¤ížˆ ìœ¤ê¸°ìžˆê³  ì¢‹ì•„ì¡Œë„¤ìš”âœ¨
nikluge-sa-2022-train-00325,í–¥ì´ ìš°ì„  í¬ ë‚´ê°€ ì¢‹ì•„í•˜ëŠ” í•´ì™¸ eë¸Œëžœë“œ ë‚´ê°€ ì¢‹ì•„í•˜ë˜ ê·¸í–¥!!!!
nikluge-sa-2022-train-02328,ì˜¤ëŠ˜ì€ ì™ ì§€ ë¡± ê·€ê±¸ì´ê°€ ë•¡ê¸°ëŠ” ë‚ 
nikluge-sa-2022-train-01186,ë¶ˆê°€ë¦¬ì•ˆ ë¡œì¦ˆí–¥ì´ ì€ì€í•˜ê²Œ í¼ì§€ë‹ˆ ë°”ë¥¼ë•Œë§ˆë‹¤ ê¸°ë¶„ì´ ì¢‹ì•„ì ¸ìš”ðŸ˜„
nikluge-sa-2022-train-02981,- ë‹¤ë£¨ê¸° ì‰¬ìš´íƒ€ìž… ê·¸ëƒ¥ ë¨¸ë¦¬ì— í•€ ê¼½ëŠ” ê·¸ëŸ°
nikluge-sa-2022-train-01943,êº„~ ì™„ì „ ê·€ì—¬ì›Œ
nikluge-sa-2022-train-00603,#SEP ë§¤ìž¥ì— ê°€ë³´ë©´ ì»¬ëŸ¬ë„ ë‹¤ì–‘í•˜ê³  íƒ€ìž…ë„ ë‹¤ì–‘í•´ì„œ ì·¨í–¥ ê» ê³ ë¥¼ ìˆ˜ ìžˆëŠ” ê²ƒë„ #SEPë¦½ìŠ¤í‹± ì˜ ìž¥ì ðŸ‘ðŸ»
nikluge-sa-2022-train-02529,"ë‚´ í”¼ë¶€ ì»¨ë””ì…˜ì— ë”°ë¼ ìˆ˜ë¶„ì§„ì •, ìˆ˜ë¶„ì§‘ì¤‘ ì•°í”Œê³¼ í¬ë¦¼ì„ ê³¨ë¼ ì‚¬ìš©í•  ìˆ˜ ìžˆëŠ”ë° ë¨¼ì € í”¼ë¶€ê°€ ì˜ˆë¯¼í•´ì ¸ì„œ ê³ ë¯¼ì´ì‹  ë¶„ë“¤... ìˆ˜ë¶€ì§€í”¼ë¶€ì´ì‹  ë¶„ë“¤ì€ #ìˆ˜ë¶„ì§„ì • ë¼ì¸ì„ !"
nikluge-sa-2022-train-00356,ì‚¬ì§„ì°ê¸°ë†€ì´ ì†Œí’ˆìœ¼ë¡œë„ ì¢‹ì•„!ðŸ–’
nikluge-sa-2022-train-00262,êº…!! ì´ê±° ì™„ì „ ê·€ì—½ìžë‚˜~~~
nikluge-sa-2022-train-00432,#ìˆœí•œì„ í¬ë¦¼ #ì•„ê¸°ì„ í¬ë¦¼ì¶”ì²œ
nikluge-sa-2022-train-02606,ì œëŒ€ë¡œ #ë ˆë“œì—ë„ˆì§€ ê°€ ëŠê»´ì§„ë‹¬ê¹Œ? ðŸ˜
nikluge-sa-2022-train-01017,ë²¨íŠ¸í˜•ì‹ì´ë¼ì„œ ê±¸ì–´ë‹¤ë‹ë•Œë„ ì‚¬ìš© ê°€ëŠ¥í•´ì„œ êµ¿êµ¿ ðŸ¤—
nikluge-sa-2022-train-01649,ë¦¬ë¬´ë²„ ì—†ì´ ë¬¼ë¡œë„ ì§€ìš¸ ìˆ˜ ìžˆì–´ ì†í†± ì†ìƒì´ ì—†ì–´ìš”~
nikluge-sa-2022-train-01658,ì´íƒˆë¦¬ì•„ í™”ì´íŠ¸íŠ¸ëŸ¬í”Œ í•¨ìœ ë¡œ íƒ„ë ¥ì´ í”¼ë¶€ ì†ë¶€í„° ì±„ì›Œì§„ë‹¤~ðŸ–’
nikluge-sa-2022-train-01735,ë¨¸ë¦¬ë¥¼ ë¬¶ì—ˆë‹¤ í’€ë•Œë§ˆë‹¤ í–¥ì´ ë„˜ì¢‹ì•„ì„œ ì¼ë¶€ëŸ¬ í’€ì—ˆë‹¤ ë¬¶ì—‡ë‹¤ëŠ”ã…Žã…Ž
nikluge-sa-2022-train-00295,"ê·¸ë‚ ê·¸ë‚  í”¼ë¶€ ì»¨ë””ì…˜ì— ë”°ë¼ ê³¨ë¼í•˜ëŠ” ìž¬ë¯¸ë„ ìžˆëŠ” #ë“œë¦¼ì›ìŠ¤íŽ˜ì´ì…œë§ˆìŠ¤í¬íŒ© ìœ¼ë¡œ ìš°ë¦¬ ê°™ì´ í”¼ì§€, ë¸”ëž™í—¤ë“œë¥¼ ëª¨ë‘ ë‚ ë ¤ë³´ì•„ìš”~!"
nikluge-sa-2022-train-01518,ìžê·¹ì ì´ì§€ ì•Šê³  ì¸ì²´ ì¹œí™”ì ì¸ #íƒˆëª¨ìƒ´í‘¸
nikluge-sa-2022-train-01398,ì‚¶ê¸° ì–¼ë¦¬ê¸° ì „ìžë Œì§€ ì‚¬ìš©ë„ ë˜ëŠ” #íŠ¸ë¼ì´íƒ„ì˜¤ë³´í‹€í…€ë¸”ëŸ¬
nikluge-sa-2022-train-02456,"ê°€ë£¨ë‚ ë¦¼ì´ ì ê³ , ë°€ì°©ë ¥ì„ ë†’ì—¬ì£¼ë©´ì„œ ê·¹ì„¸ì‚¬ëª¨ë¡œ ë„ˆë¬´ë„ˆë¬´ ë¶€ë“œëŸ¬ì›Œì„œ ìžê·¹1ë„ì—†ì–´ ë„ˆë¬´ ì¢‹ë”ë¼êµ¬ìš”~"
nikluge-sa-2022-train-02326,í”¼ë¶€ì— ì¢‹ìœ¼ë‹¤ëŠ” ë§ˆìŠ¤í¬íŒ© ë‹¤ ì¨ë³´ëŠ”ë° ìš”ê±°ì— ì •ì°©í•´ì•¼ê² ìœ¼ìš” ã…‹ã…‹
nikluge-sa-2022-train-00591,ìš”ì¦˜ ì»¨ë””ì…˜ë„ ì•ˆ ì¢‹ê³  ê±´ì¡°í•´ì„œ ê·¸ëŸ°ì§€ ë¶€ì© ì¹™ì¹™í•˜ê³  í‘¸ì„í•œ í”¼ë¶€ ë•Œë¬¸ì— ê³ ë¯¼ì´ì—ˆëŠ”ë° ì†Œë¬¸ë‚œ ì œí’ˆ ì¨ë³´ê¸° ì „ì— ë‘‘í”ë‘‘í”~ã…Žã…Ž
nikluge-sa-2022-train-02879,ë¯¼ê°í•œ ì•„ê¸° í”¼ë¶€ì— ìž˜ëª»ëœ ë¬¼í‹°ìŠˆë¥¼ ì‚¬ìš©í•˜ì—¬ ì•„í† í”¼ê°€ ìƒê¸°ëŠ” ê²½ìš°ë„ ìžˆëŠ”ë° EWG 1ë“±ê¸‰ ë³´ìŠµì œë¥¼ ì‚¬ìš©í•´ì„œ ì¸ì§€ ìžì£¼ ë‹¦ì•„ë„ ê±´ì¡°í•´ì§€ì§€ ì•Šë”ë¼êµ¬ìš”~
nikluge-sa-2022-train-01112,ì‚¬ì´ì¦ˆê°€ ë„‰ë„‰í•˜ê²Œ ë‚˜ì™€ì„œ ì˜¤ëž˜ìž…ížìˆ˜ ìžˆì–´ì„œ ì¢‹ì•„ìš”!!
nikluge-sa-2022-train-02394,ë°”ë¥¸ìžì„¸ë¡œ ì•‰ê²Œí•´ì£¼ë‹ˆ êµ½ì€ë“±ë„ íŽ´ì§€ê³  Së¼ì¸ ë§Œë“¤ê¸°ì—ë„ ë„ì›€ì£¼ëŠ”ê²ƒ ê°™ê³  ã…Žã…Ž
nikluge-sa-2022-train-00536,í”¼ë¶€ ë‹¨ë°±ì§ˆ êµ¬ì¡°ì™€ ê°€ìž¥ í¡ì‚¬í•œ ê³ ê°€ì˜ ìºë¹„ì•„ë¥¼ ì €ë ´í•œ ê°€ê²©ì— ë§ˆìŠ¤í¬íŒ©ìœ¼ë¡œ í”¼ë¶€ê´€ë¦¬ë¥¼ í•  ìˆ˜ ìžˆìœ¼ë‹ˆ #ëŒ€ë°•í…œ !!ðŸ’œ
nikluge-sa-2022-train-01416,ê°€ë³ê³  íŠ¼íŠ¼í•˜ê³  ë¼ì¸ì´ ë¶€ë“œëŸ¬ì›Œ ë°ì¼ë¦¬ë¡œ ë§›ìžˆê³  ì •ê°ˆí•œ ìŒì‹ ê°€ë“ ì±„ì›Œë³¼ëž˜ìš” âœ¨
nikluge-sa-2022-train-00828,êº„!! .. ë‚´ê°€ ë„ˆë¬´ ì¢‹ì•„í•˜ëŠ” #ë¡ì‹œë•… ..
nikluge-sa-2022-train-02753,ì°©í•œì„±ë¶„ìœ¼ë¡œ ìžê·¹ì—†ì–´ì„œ ì˜¨ê°€ì¡±ì´ ë°”ë¥´ê¸°ë„ ì¢‹ì•„ìš”ðŸ’ž
nikluge-sa-2022-train-00274,ì„ ë¬¼ë°›ì•„ ì§ì ‘ ì¨ë³´ë‹ˆ ë§ˆë§ˆí¬ë ˆìŠ¤íŠ¸ì— ë°˜í–ˆì–´ìš©~~^^
nikluge-sa-2022-train-02853,"ê³§ 4ì›”ì— ì¶œì‹œí•œë‹¤ê³  í•˜ë‹ˆ, ë‹¤ë“¤ ì´ë²ˆ ë´„ì—ëŠ” ì´ì œí’ˆ ì–´ë–¤ê°€ìš”?â˜ºï¸ðŸŒ¸"
nikluge-sa-2022-train-01801,ìž‘ì§€ë§Œ ì—†ëŠ” ê¸°ëŠ¥ì´ ì—†ë„¹ ã…‹ã…‹
nikluge-sa-2022-train-00594,ì¢‹ì•„í•˜ëŠ” ë·°í‹°ìœ íŠœë²„ &name&ê°€ ë§Œë“  ì¿ ì…˜ì œí’ˆì´ë¼ê³  í•´ì„œ ì–´ë–¨ì§€ ë„˜ë‚˜ ê¶ê¸ˆí–ˆëŠ”ë°ðŸ™„ ì§ì ‘ ì¨ë³´ë‹ˆ ëŒ€ë°• ì´‰ì´‰í•˜ê³  ì»¬ëŸ¬ê° ëŒ€ë°•
nikluge-sa-2022-train-00373,í–¥ìˆ˜ê°€ ë”°ë¡œ í•„ìš”ì—†ì„ ì •ë„ë¡œ ì‚°ëœ»í•˜ê³  ë‹¬ë‹¬í•œ ë³µìˆ­ì•„í–¥ì´ ì™„ì „ ì·¨ì €~â¤
nikluge-sa-2022-train-00317,ìˆœí•˜ê³  ìžê·¹ì ì´ì§€ ì•Šì•„ ë°”ë””ë¼ì¸ ë‹¤ ì‚¬ìš©ì¤‘ì¸ë° ë„˜ ë§˜ì— ì™ ë“¤ì–´ìš” :)
nikluge-sa-2022-train-01431,ë¯¸ì„¸ë¨¼ì§€ í¡ì°© ë°©ì§€ë¥¼ ìœ„í•œ #ë°ì´í¬ë¦¼
nikluge-sa-2022-train-00297,ê·€ì—¬ìš´ê²ƒì€ ë¤~~^^
nikluge-sa-2022-train-02757,ë´„ë§žì´ í™”ì‚¬í•œ ì»¬ëŸ¬ì˜ ë´„ë¦½ìŠ¤í‹± ì¶”ì²œâ™¡ðŸŽ‰
nikluge-sa-2022-train-02279,ìš°ë¦¬ ë¶€ë¶€ì˜ ìƒì¾Œí•œ ì—¬í–‰ì„ ë¶€íƒí•´^^
nikluge-sa-2022-train-02327,#ì˜ˆì˜ë‹¤ ðŸ’Ž
nikluge-sa-2022-train-01963,ì˜¤ì¼ë³´ë‹¤ ë” ê°•ë ¥í•˜ê³  ì›Œí„°ë³´ë‹¤ ë” ì´‰ì´‰í•˜ê³  ìˆœí•˜ê²Œ ê¹¨ë—í•˜ê²Œ ì§€ì›ì§„ë‹¤ëŠ” ì‚¬ì‹¤^^
nikluge-sa-2022-train-01047,ë‚˜ì¤‘ì— ì•„ê¸° ê°–ê²Œ ë˜ë©´ ì˜¨ ê°€ì¡±ì´ ê°™ì´ ì¨ì•¼ê² ë‹¤ðŸ˜Š
nikluge-sa-2022-train-00750,ê¾¸ì¤€ížˆ ì‚¬ìš©í•˜ë‹ˆ íš¨ê³¼ê°€ ë³´ê³ ìžˆëŠ” ëŠë‚Œ~
nikluge-sa-2022-train-00944,ê±´ì¡°í•˜ê³  í‘¸ì„í•œ ë¨¸ë¦¿ê²°ì— ì¶”ì²œ!
nikluge-sa-2022-train-01797,ë„ˆë¬´ ì¢‹ì•„ ì§€ì¸ë“¤ì—ê²Œë„ ì¶”ì²œí•´ ì¤¬ì—ˆëŠ”ë° ì •ë§ ê¸°ëŒ€ë˜ë„¤ìš”^^
nikluge-sa-2022-train-00320,ì¹œêµ¬ë„¤ ê°”ëŠ”ë° #ë²„ë¸”í¼ ìžˆì–´ì„œ ì¨ë´£ë”ë‹ˆ ê±´ì¡°í•˜ì§€ë„ ì•Šê³  ë„ˆë¬´ ì¢‹ì•„ì„œ ë³´ë‹ˆ #ì•„í† í´ë¦¬ë‹‰ #ìœ ì•„ì„¸ì•ˆì œ ë”ë¼êµ¬ìš” ðŸ‘¦ðŸ¼
nikluge-sa-2022-train-02384,"ìš•ì‹¤, ë‹¤ìš©ë„ì‹¤,ë°œì½”ë‹ˆ ë“± ë‹¤ì–‘í•œê³³ì—ì„œ ì‚¬ìš©ê°€ëŠ¥í•˜ë‹ˆðŸ‘"
nikluge-sa-2022-train-00726,ì´ë²ˆ #ì„±ë…„ì˜ë‚  ì œì¼ ì¢‹ì€ ì„ ë¬¼ì´ ì•„ë‹ê¹Œì‹¶ì–´ìš”
nikluge-sa-2022-train-01247,ê°€ë” ì €ëŠ” ê°€ìœ„ë¡œ ì •ë¦¬í–ˆëŠ”ë° ë¹Œë ¤ì„œ ì‚¬ìš©í•´ ë´¤ë”ë‹ˆ ë„ˆë¬´ íŽ¸í•˜ê³  ì¢‹ë”ë¼êµ¬ìš”.
nikluge-sa-2022-train-00184,ê·¸ëž˜ì„œ ë§¤ì¼ë§¤ì¼ ì§€ì¹œëˆˆê°€ë¥¼ ì„¬ì„¸í•˜ê²Œ ì¼€ì–´í•´ì£¼ê³  ë¦¬ì¹˜í•œí…ìŠ¤ì³ê°€ ì´‰ì´‰í•˜ê³  ì´˜ì´˜í•œ íƒ„ë ¥ì„ ì•ˆê²¨ì£¼ëŠ” #íŠ¸ë¦¬ì•„ ì• í”„í„° ë¼ì´íŠ¸ ë¦¬ë‰´ #ì•„ì´í¬ë¦¼ ë°”ë¥´ê³  ìžˆì–´ìš”!
nikluge-sa-2022-train-02891,ì²œì—°ìž¬ë£Œë¥¼ ì´ìš©í•˜ì—¬ ì‹ ìƒì•„ë¶€í„° ë¯¼ê°í•œ í”¼ë¶€ì˜ ì–´ë¥¸ê¹Œì§€ ì˜¨ê°€ì¡±ì´ ì‚¬ìš©ê°€ëŠ¥í•œ #ì²œì—°ë¼ì´ë¸Œ #ì²œì—°í™”ìž¥í’ˆ
nikluge-sa-2022-train-01012,"7L ì´ˆëŒ€ìš©ëŸ‰ì¸ë° 9ë§Œì›ëŒ€, 1ë…„ì´ ì§€ë‚˜ë„ ASìž˜ë˜ê³  ì†ŒìŒìž‘ê³  ì„¸ì²™ê°„íŽ¸"
nikluge-sa-2022-train-00617,ìž ìž˜ ë•Œ ì¢‹ì€ í–¥ ë§¡ìœ¼ë©´ ë” ìž ì´ ìž˜ì™€ì„œ ë² ê°œì— ë¿Œë ¤ì£¼ë©´ì„œ ë§¤ì¼ ì‚¬ìš©í•˜ëŠ” [ë”ë¸”ìœ ë“œë ˆìŠ¤ë£¸]ë“œë ˆìŠ¤í¼í“¸ ì–‘ì–‘ì„œí•‘í–¥
nikluge-sa-2022-train-02815,âœ”ï¸ê³ ë¬´ì¤„ ë°”ì§€ + íŠ¼íŠ¼í•œ ëˆì´ ë§˜ì— ë“¤ì—ˆì–´ìš”
nikluge-sa-2022-train-00906,ê·¸ëŸ¬ë‹ˆ ë¬¼ê¸° ë¹ ì‚­ ë§ë ¤ì£¼ëŠ” ížˆí„°ì˜ ê¸°ìˆ ë“±.. ì œí’ˆë ¥ì´ ë„˜ë‚˜ ë§˜ì— ë“¤ì–´ì„œ ì­‰ ì“´ë‹¤..
nikluge-sa-2022-train-00258,ë””ìžì¸ì´ #ì˜ˆìœì¹˜ì•½ ì´ë¼ ì„ ë¬¼ë¡œë„ ì œê²©!!
nikluge-sa-2022-train-00476,ìžì™¸ì„ ì°¨ë‹¨ë„ ì˜ˆìœ ì„ ì¿ ì…˜ìœ¼ë¡œ !ðŸŒ¸
nikluge-sa-2022-train-00159,#ì†Œë¥´ë² ë²  íŽ¸ì•ˆí•´ì„œ ìš”ì¦˜ ì¸ê¸° ë§Žë˜ë°.. í”„ë¦¬ë¯¸ì—„ì‹œê·¸ë‹ˆì²˜ëŠ” ë””ìžì¸ë„ ì˜ˆì¨í•˜ë„¤..
nikluge-sa-2022-train-01216,ìš”ì¦˜ ì• ì •í•˜ê²Œëœ ë·°ì˜¬ë¼ ë¸Œëžœë“œì—ìš”!
nikluge-sa-2022-train-00917,ì•„ì´ë„ ì–´ë¥¸ë„.. ë¶€ë‹´ì—†ì´ ì‚¬ìš©í•  ìˆ˜ ìžˆëŠ” ì œí’ˆ ..
nikluge-sa-2022-train-00244,"ë§ˆìŠ¤í‚¹ ë ˆì´ì–´ë§ ì•°í”Œì€ ë©”ë””ížì—ì„œ ìƒˆë¡œ ì¶œì‹œí•œ ì•°í”Œë¡œ..ì•°í”Œìº¡ë„ íŽ¸ë¦¬í•´ì„œ íœ´ëŒ€,ë³´ê´€ë„ ìš©ì´í•˜ë„¤ìš”!"
nikluge-sa-2022-train-00152,ë¨¹ì„ ìˆ˜ ìžˆëŠ” ì›ë£Œë¡œ ì‚¬ìš©í•œë§Œí¼.. ê±±ì •ì—†ì´ ì‚¬ìš©í•´ë³¼ ìˆ˜ ìžˆê² ì–´ìœ ..
nikluge-sa-2022-train-00448,ì•…ê±´ì„±ì¸ë°ë„ ì¶©ë¶„ížˆ ì´‰ì´‰í•˜êµ¬ìš” ã…Žã…Ž
nikluge-sa-2022-train-00145,ì‹¤í—˜ì„ í•´ì„œ ë´ë„ ì•„ì£¼ .. í¡ìˆ˜ë„ ìž˜ ë˜ê³  ë½€ì†¡í•´ ..
nikluge-sa-2022-train-01308,"ì •ë§ ìž¥ì ì„ ì—´ê±°í•´ë³´ë‹ˆ, ë„˜ë‚˜ ë§¤ë ¥ì ì¸ ëƒ‰ìž¥ê³  ë§žë„¤ìš” ^^"
nikluge-sa-2022-train-02277,ì§€ê¸ˆë„ ìƒì¾Œí•œ ìž…ì•ˆì„ ìœ„í•´ ì“°ëŠ” ë´í‹°ìŠ¤í…Œ ì œì£¼ë„ì™€ì„œ í•˜ë£¨ì¢…ì¼ ì—¬í–‰ í›„ í…í…í•œ ìž…ì•ˆì„ ìƒì¾Œí•˜ê²Œ í•˜ê¸° ìœ„í•´ ì¤€ë¹„í•´ ì˜¨ #ë´í‹°ìŠ¤í…Œì¹˜ì•½
nikluge-sa-2022-train-02106,ë³´í†µ ë§ˆìŠ¤í¬íŒ©ê³¼ëŠ” ë‹¤ë¥´ê²Œ40ë¶„ë™ì•ˆ ë¶€ì°©í•  ìˆ˜ ìžˆì–´ì„œ ì—ì„¼ìŠ¤ ì¦ë°œì„ ë§‰ì•„ ì´‰ì´‰ë³´ìŠ¤ ë§ˆìŠ¤í¬ì—ìš”â¤
nikluge-sa-2022-train-02228,ì„¸ì •ë ¥ë„ ìš°ìˆ˜í•˜ê³  ì„¸ì•ˆ í›„ ì´‰ì´‰í•´ìš”â™¥ï¸
nikluge-sa-2022-train-01108,#ì—­ì‹œ ë„˜ ì˜ˆìœ #ì‹¤ë‚´ë³µ
nikluge-sa-2022-train-02022,ê¾¸ì¤€ížˆ ì‚¬ìš©í•œ #ë¸”ëž™ì—ë””ì…˜
nikluge-sa-2022-train-01796,ê·¸ëŸ°ë° ì´ë ‡ê²Œ ì¢‹ì€ ë””ë°”ì»µì´ ì˜¬ ì—¬ë¦„ë¶€í„° ì§êµ¬ê°€ ì•„ë‹Œ êµ­ë‚´ ì˜¨ì˜¤í”„ë¼ì¸ ìœ í†µì±„ë„ì„ í†µí•´ ë§Œë‚  ìˆ˜ ìžˆë‹¤ê³  í•˜ëŠ”ë°ìš”
nikluge-sa-2022-train-00876,ë„˜ë‚˜ í”¼ë¶€ê°€ ì¢‹ì•„ì§€ê³  ìžˆìŠµë‹ˆë‹¤..
nikluge-sa-2022-train-01234,ê·¸ëž˜ì„œ ì‹±í¬ëŒ€ê±°ë¦„ë§ë„ ìŒì‹ë¬¼ì“°ë ˆê¸°ë´‰íˆ¬ë„ ê·¸ëŒ€ë¡œ ë²„ë¦´ ìˆ˜ ìžˆì–´ ê°„íŽ¸í•´ì„œ ë” ì¢‹ì€ðŸ™†
nikluge-sa-2022-train-02651,#ê°ì§ˆì œê±° #í”¼ì§€ì œê±° ë°”ë¥´ê¸°ë§Œ í•˜ë©´ ë!
nikluge-sa-2022-train-01310,ìˆœí•˜ë©´ì„œë„ ë³´ìŠµê°&ì˜ì–‘ì´ ì¢‹ì•„ì„œ ìš”ì¦˜ ë‚´ ë°ì¼ë¦¬ ìŠ¤í‚¨ì¼€ì–´ ì œí’ˆ~!
nikluge-sa-2022-train-02067,ì´ë»ì´ë»
nikluge-sa-2022-train-00037,ë°°ìƒ‰ë„ í•‘í¬ëž‘ ê·¸ë ˆì´ë¼ ë¬´ë‚œí•˜ë©´ì„œë„ ì¹™ì¹™í•˜ì§€ ì•Šë‹¤.
nikluge-sa-2022-train-01805,ë¯¼ê°ì„± í”¼ë¶€ì¼€ì–´ì— ì¢‹ì€ í‹°íŠ¸ë¦¬ì¼€ì–´ ì†”ë£¨ì…˜ ì—ì„¼ì…œë§ˆìŠ¤í¬REX..
nikluge-sa-2022-train-01743,ìš”ì¦˜ ë‚˜ì˜ ê´€ì‹¬ì‚¬ëŠ” ë‚´í”¼ë¶€ë¥¼ ë” #ê¿€í”¼ë¶€ë¡œ ë§Œë“¤ì–´ì¤„ ì œí’ˆ ì‚¬ìš©í•˜ê¸°
nikluge-sa-2022-train-01109,ë¬´ëƒë¬´ëƒê¸°ìžë‹¨2ê¸° ë‘ë²ˆì§¸ ìƒí’ˆì´ ë„ì°©í–ˆëŠ”ë° ì™„ì „ ì´ì¨ë‹ˆë‹¤!
nikluge-sa-2022-train-02329,ì €ì˜ ì…€ë£°ëŸ¬ì›Œí„°ë¯¸ìŠ¤íŠ¸ ì‚¬ëž‘ì€ ì•„ì§ ëë‚˜ì§€ì•Šì•˜ì£ 
nikluge-sa-2022-train-01491,ì¿¨í•œ ëŠë‚Œì˜ ì€ì€í•œ í–¥ì€ ë§ˆì¹˜ ê³ ê¸‰ í–¥ìˆ˜ì˜ ëŠë‚Œìœ¼ë¡œ #ížë§ ì„..
nikluge-sa-2022-train-02861,"ë´„, ì—¬ë¦„ì— ì‹ ê¸° ë”± ì¢‹ì€ ì—…ì‚¬ì´í´ë§ ì†Œê°€ì¡±ì„ ì‚¬ìš©í•œ #ë ˆë”ë¦¬ìŠ¤ #í‚¤ë†’ì´ìŠ¤ë‹ˆì»¤ì¦ˆ ê²Ÿí–ˆì–´ìš”"
nikluge-sa-2022-train-00473,ì§€ê¸ˆê¹Œì§€ ì¨ë³¸ #ë·°í‹°ë””ë°”ì´ìŠ¤ ì¤‘ì— ê°€ìž¥ ëˆì•„ê¹ì§€ ì•Šì€ê±°... ì´ê±°...!
nikluge-sa-2022-train-00945,ë§ê³ ë²„í„°ê°€ ì˜ì–‘ë„ ê³µê¸‰í•´ì£¼ê³  ì‚°ëœ»í•œ í´ë Œì§• íš¨ê³¼ê¹Œì§€~
nikluge-sa-2022-train-02431,#ë¯¼ê°í”¼ë¶€ ì¸ ì €ë„ ìœ ê¸°ë†ìˆœë©´ì»¤ë²„ë¡œ ìžê·¹ì´ ì—†ì–´ì„œ ë¶ˆíŽ¸í•¨ì´ ì¤„ì—ˆì–´ìš”
nikluge-sa-2022-train-00770,íŠ¹ížˆ ìž„ì‹ í–ˆì„ë•Œ ë“¬ë¿ë“¬ë¿ ë°œë¼ê°€ë©° í”¼ë¶€ê´€ë¦¬ í•˜ë‹ˆ ê±´ì¡°í•˜ì§€ì•Šì•„ íŠ¼ì‚´ì™„í™”ì—ë„ êµ¿êµ¿êµ¿ðŸ‘
nikluge-sa-2022-train-01652,ë§¤ì¼ ê·€ê±¸ì´ ë°”ê¿”ê°€ë©° ì™¸ì¶œí•˜ëŠ” ì¦ê±°ì›€ ëŒ€ë°•!!
nikluge-sa-2022-train-01968,ì œëŒ€ë¡œ í”¼ë¶€ê´€ë¦¬ í•˜ê³  ìžˆì§€ìš”~
nikluge-sa-2022-train-00964,#ëˆ„ì¹´ì˜¬ìŠ¤íŠ¸ë¼ì´í¬í† íƒˆì†”ë£¨ì…˜ ë”± #ë‚´ìŠ¤íƒˆ ì´ì–Œ ã…‹ã…‡ã…‹
nikluge-sa-2022-train-02236,ì§‘ì— ëŒì•„ì™€ #ì•¡í‹°ë¸Œí‚¤ì¦ˆìƒ¤ì´ë‹ˆìƒ´í‘¸ ëž‘ #ë°”ë””ë¡œì…˜ ì¨ë´¤ëŠ”ë° ì •ë§ NEWë²„ì „ìœ¼ë¡œ ì—…ê·¸ë ˆì´ë“œë˜ì–´ì„œì¸ì§€ í¡ìˆ˜ë ¥ë„ ë” ì¢‹ì•„ì§€ê³  í–¥ê¸°ë„ ë” ì¢‹ì€ ê±° ê°™ì•„ìš”!
nikluge-sa-2022-train-00694,#ë‘í”¼ì„¸ì • ë¶€í„°Â  #ë‘í”¼ë³´ìŠµ ê¹Œì§€ ì˜ì–‘ê³µê¸‰ ë“¬ë¿Â 
nikluge-sa-2022-train-01852,ì†ì— ë¬»ížˆì§€ ì•Šì•„ë„ ë˜ê³  ìžì™¸ì„ ì°¨ë‹¨ í†¤ì—…ê¹Œì§€ ì±™ê¸°ìžêµ¬ìš”~
nikluge-sa-2022-train-02652,ë°¤ ì‚¬ì´ #í™”ì´íŠ¸í—¤ë“œ #ë¸”ëž™í—¤ë“œ êµ¿ë°”ì´ ðŸ–
nikluge-sa-2022-train-01460,ìµœê·¼ #&name& ì½˜ì„œíŠ¸ ë‹¤ë…€ì™€ì„œ #&name& #ìŒì•…ìž¬ìƒ í•˜ì—¬ ì‹¤ì»· ë“£ê³  ê°€ë”ì€ ì¢‹ì•„í•˜ëŠ” #ë¼ë””ì˜¤ ë„ ë“£ê³  #ëˆ„êµ¬ ì™€ í•¨ê»˜ë¼ë©´ ì§€ë£¨í•  í‹ˆ ì—†ì–´ìš”!
nikluge-sa-2022-train-02718,7ì´ˆë§Œì— ë¨¸ë¦¿ê²°ì´ ë¶€ë“œëŸ¬ì›Œì ¸ìš” â™¡
nikluge-sa-2022-train-02054,ëˆì ìž„ ì—†ì´ í”¼ë¶€ê²° ì •ëˆ ë˜ê³  ì†ë¶€í„° ì´‰ì´‰í•˜ê²Œ ì±„ì›Œì£¼ëŠ” ëŠë‚Œ
nikluge-sa-2022-train-01277,ì‚¬ì‹¤. ì§€ê¸ˆê¹Œì§€ ì¨ë³¸ íŒ©ì¤‘ ìµœê³ ë´‰ì´ì—ìš”.
nikluge-sa-2022-train-01919,í”¼ë¶€ì—ë”°ë¼ ê³¨ë¼ì“°ê¸° ì¢‹ì€ #ë§ˆìŠ¤í¬íŒ©
nikluge-sa-2022-train-02818,"ë‹¤ë§Œ, ê°ì§ˆë¶€ê°ì´ ì«Œ ìžˆê³  ì£¼ë¦„ì— ë¼ëŠ” í˜„ìƒì´ ìžˆì–´ì„œ ê°ì§ˆì œê±°í•˜ê³  ë°”ë¥´ëŠ”ê±¸ ê¶Œí•´ìš”!"
nikluge-sa-2022-train-01128,ìžì™¸ì„  ì°¨ë‹¨ì€ ë¬¼ë¡ ì´ê³  ìžì—°ìŠ¤ëŸ¬ìš´ í†¤ì—…ë˜ëŠ” ì„ ì¼€ì–´ë¥¼ ì°¾ìœ¼ì‹œë©´ ìš”ê±° ì¶”ì²œí•´ìš”~~
nikluge-sa-2022-train-00107,ì´ëŸ° ì ì„ ê°ì•ˆí•˜ë©´ ë¸”ë£¨íˆ¬ìŠ¤ ì œí’ˆë§ˆë‹¤ ëª¨ì¡°ë¦¬ ë¦¬ì‹œë²„ê°€ ë“¤ì–´ìžˆì–´ì•¼ í•˜ëŠ” ê²ƒë„ ë§ì´ ì•ˆë˜ê³  ìµœê·¼ ê¸°ê¸°ëŠ” ë¸”ë£¨íˆ¬ìŠ¤ ì§€ì›ì€ ê¸°ë³¸ì´ë‹ˆ ë¶ˆë§Œì‚¬í•­ì´ ë  ìˆœ ì—†ê² ë‹¤.
nikluge-sa-2022-train-01508,ì„¸ê³„ì ìœ¼ë¡œ ì‚¬ëž‘ë°›ëŠ” ì´ìœ ë¥¼ ì¶©ë¶„ížˆ ëŠë‚„ ìˆ˜ ìžˆëŠ” #ì•„ì´ê¸°ì €ê·€
nikluge-sa-2022-train-02913,"í„°ì¹˜ í•œë²ˆìœ¼ë¡œ ë°ê²Œ ë¹„ì¶œ ìˆ˜ ìžˆì–´ì„œ ì±…ë³¼ë•Œ, ë©”ì´í¬ì—…í• ë•Œ ìœ ìš©í•˜ê²Œ ì‚¬ìš©í•˜ê±°ë‚˜, ì…€ì¹´ì°ì„ë•Œ ì¡°ëª…ìœ¼ë¡œ ì“°ê¸°ë„ ì¢‹ì•„ìš”"
nikluge-sa-2022-train-02730,ì™„ì „ ê°ë™ ã… .ã… 
nikluge-sa-2022-train-00746,ë‹¤ì„¯ì‹êµ¬ì— í•˜ë£¨ ì‚¬ìš©í•˜ëŠ” ìƒ¤ì›Œë§Œí•´ë„ ë¬¼ ì‚¬ìš©ëŸ‰.. ì •ë§ ë§Œë§Œì¹˜ ì•Šì€ë° #ìˆ˜ì••ìƒìŠ¹ #ë¸”ë£¸ìƒ¤ì›Œê¸° ë•ë¶„ì— ë¬¼ì ˆì•½ë„ ë˜ê³  ìˆ˜ì••ë„ ì´ì „ë³´ë‹¤ 2~4ë°° ìƒìŠ¹:)
nikluge-sa-2022-train-02335,ìƒê¸° ìžˆëŠ” í”¼ë¶€ë¡œ ê°€ê¿”ì£¼ëŠ” ê±´ì¡°í• ë•Œ ì“°ë©´ ì¢‹ì€ #ë¡œì¦ˆì›Œí„° ðŸŒ¹
nikluge-sa-2022-train-01782,ì‚¬ìš©í•´ë³´ê³  ì—­ì‹œ #ë¡œí•˜ì…€ ì´ëž€ ìƒê°ì´ ë“¤ë”ë¼êµ¬ìš”
nikluge-sa-2022-train-02736,â­í”¼ë¶€ ë¯¼ê°ì„± ìžê·¹ í…ŒìŠ¤íŠ¸ ì™„ë£Œë¡œ ì•„ì´ë¶€í„° ì–´ë¥¸ê¹Œì§€ ì‚¬ìš©í•  ìˆ˜ ìžˆì–´ì„œ ì•„ì´ë“¤ì—ê²Œë„ ë°œë¼ì£¼ê³  ìžˆì–´ìš” ã…‹
nikluge-sa-2022-train-02522,ë¸Œë¦´ë¡œì¦ˆ ì‹œì¹´ë¡œì¦ˆíŒ© ë•ë¶„ì— ìš”ì¦˜ ë„˜ ê±´ì¡°í–ˆëŠ”ë° í”¼ë¶€ ì†ì´ ë‹¬ë¼ì¡Œì–´ìš©!
nikluge-sa-2022-train-02936,ì €ëŠ” ì‚¬ì‹¤ ê·¸ëŸ°ê²ƒë„ ì¢€ ì‹ ê²½ì“°ì´ëŠ” ë¶€ë¶„ì´ì—ˆëŠ”ë° ì´ ë¦¬íŽ˜ì–´í¬ë¦¼ ë°”ë¥´ë©´ ê°ì§ˆì„ ì–µì§€ë¡œ ëœ¯ì–´ë‚´ëŠ”ê²Œ ì•„ë‹ˆë‹¤ë³´ë‹ˆ ìƒì²˜ ê±±ì •ì„ ì‹¹ ëœ ìˆ˜ ìžˆì—ˆì£±!
nikluge-sa-2022-train-02200,ê°œìš´í•˜ì§€?ã…‹ã…‹ã…‹ã…‹ã…‹â™¥ï¸
nikluge-sa-2022-train-01504,ë“¤ëœ¸ì—†ì´ ì´‰ì´‰í•˜ê²Œ ìŠ¤ë©°ë“œëŠ” ìžì—°ìŠ¤ëŸ¬ìš´ #í†¤ì—…í¬ë¦¼
nikluge-sa-2022-train-02321,ê·¸ ìœ ëª…í•˜ë‹¤ëŠ” ì•„ì´ë¡œì…˜ê³„ì˜ sk2
nikluge-sa-2022-train-00044,ì‚¬ì‹¤ ë‚œ íˆ¬ëª… ì»µì´ ë” ì¢‹ì€ë° ë‹¤ë“¤ ìƒ‰ê¹”ì´ ì—°í•˜ê²Œ ë“¤ì–´ê°€ìžˆë‹¤.
nikluge-sa-2022-train-01599,ë¯¼ë§í•˜ì§€ ì•Šê³  íŽ¸í•´ìš”^^
nikluge-sa-2022-train-01922,ë¯¼ê°ì„±í”¼ë¶€ë„ ì•ˆì‹¬í•˜ê³  ì“°ì§€ìš”
nikluge-sa-2022-train-00620,ëˆì ìž„ì´ ì—†ëŠ” ì«€ì«€í•œ í…ìŠ¤ì³ë¡œ í”¼ë¶€ì— ê°€ë³ê²Œ ë°€ì°©ë˜ëŠ” ì•°í”Œë¡œ ìˆ˜ë¶„ì´ ê°€ë“ ë“¤ì–´ê°„ ì•°í”Œì œí’ˆìœ¼ë¡œ í”¼ë¶€ í‘œë©´ë¶€í„° í”¼ë¶€ ì†ê¹Œì§€ ì˜¤ëž«ë™ì•ˆ ì´‰ì´‰í•˜ê²Œ ìœ ì§€ë˜ëŠ” ì œí’ˆì´ë¼ì„œ ìš”ì¦˜ ì €ì˜ pick ì¸ ì•°í”Œì´ëžë‹ˆë‹¤
nikluge-sa-2022-train-01138,#ì„¸íƒ€í•„ë¡œì…˜ ìœ¼ë¡œ ìš°ë¦¬ê°€ì¡± ëª¨ë‘ ê±´ì¡°í•œí”¼ë¶€ì— ì—´ì‹¬ížˆ ë°œë¼ë´ì•¼ê² ì–´ìš”ðŸ˜
nikluge-sa-2022-train-02576,"ì¢…ë¥˜ê°€ 5ê°€ì§€ë‚˜ë˜ì„œ ì¹˜ì•„, ìž‡ëª¸ ê³ ë¯¼ì´ë‚˜ ì—°ë ¹, ìƒí™©ì— ë”°ë¼ ê³¨ë¼ê³¨ë¼ðŸŽ¶"
nikluge-sa-2022-train-00477,"ì¼€ì´ìŠ¤ë„ ë„˜ ì˜ˆì˜ê³ , ì‚¬ì´ì¦ˆë„ ì™„ì „ í¬ì£ ?ã…Žã…Ž"
nikluge-sa-2022-train-00714,ê²Œë‹¤ê°€ 17ê°€ì§€ì˜ ì•„ë¯¸ë…¸ì‚°ìœ¼ë¡œ ì´ë£¨ì–´ì§„ íŠ¹í—ˆ ì›ë£Œê°€ í•¨ìœ ë˜ì–´.. í”¼ë¶€ë³´ìŠµ ì„¸í¬ìž¬ìƒ ë“± ë„ì›€ì„ ì¤€ë‹¤í•˜ì—¬ ë°”ë¡œ ê°™ì´ ì‚¬ìš©í•˜ê³  ìžˆì§€ìš”:)
nikluge-sa-2022-train-01546,ìžê³ ë‚˜ë©´ ì–´ê¹¨ì™€ ëª©ì´ í’€ë¦° ëŠë‚Œì´ê³ .. ì‹œì›í•˜ë‹¬ê¹Œ..ê°œìš´í•´ìš”^^
nikluge-sa-2022-train-02949,êµµì€ ì›¨ì´ë¸Œëž‘ cì»¬ ê³ ë¯¼í•˜ë‹¤ê°€ ìµœì¢… Cì»¬í–ˆëŠ”ë° ì •ë§ì´ì§€ ë„ˆë¬´ë„ˆë¬´ ë§˜ì—ë“ ë‹¤ ðŸ¤£ðŸ¤£
nikluge-sa-2022-train-00013,ì•„.. ì§„ì§œ ê¸°ê³„ ì‚¬ê² ë‚˜.
nikluge-sa-2022-train-00192,ëŒ€ìš©ëŸ‰ì´ë¼ ì•„ë‚Œì—†ì´ ë°œë¼ì£¼ê¸°!
nikluge-sa-2022-train-00117,"ìž¥ì  : ë””ìžì¸ì´ ê¹”ë”í•˜ë‹¤, ìž‘ì•„ì„œ íœ´ëŒ€ì„±ì´ ìš©ì´, ë†’ë‚®ì´ ì¡°ì ˆ ê°€ëŠ¥, ë‹¤ì–‘í•œ ë¸”ë£¨íˆ¬ìŠ¤ ì§€ì› ê¸°ê¸°ì—ì„œ ì‚¬ìš© ê°€ëŠ¥."
nikluge-sa-2022-train-01495,ì«€ì«€í•œ ë¯¸ì„¸ë²„ë¸”ì´ ë©”ì´í¬ì—…ì„ íš¨ê³¼ì ìœ¼ë¡œ ì œê±°í•´ì£¼ê³  í”¼ë¶€ëŠ” ì´‰ì´‰í•˜ê²Œ ê°€ê¿”ì£¼ëŠ” #ë³´ìŠµí¼í´ë Œì €
nikluge-sa-2022-train-01459,ìº¡ ì•ˆìª½ì— ê±°ìš¸ì´ ìžˆì–´ ìŠ¤íƒ€ì¼ë§í•˜ê¸°ë„ ì¢‹ê¸”..ðŸ˜„
nikluge-sa-2022-train-02775,ìœ í•´ì„¸ê· ì œê±°ëŠ” ë¬¼ë¡  ê±°í’ˆë„ í’ì„±í•˜ê³ ã…‹ì„¸ì •ë ¥ë„ ðŸ‘ðŸ‘
nikluge-sa-2022-train-02643,ì´ˆì´ˆë°€ì°©ë ¥ìœ¼ë¡œ ì˜ì–‘ ì™ì™ í”¼ë¶€ ê·¸ëŒ€ë¡œ í¡ìˆ˜ë˜ëŠ” ëŠë‚Œ
nikluge-sa-2022-train-02868,#ê²½ì¶”ë² ê°œ ì¤‘ í”„ë¦¬ë¯¸ì—„ ë² ê°œì¸ #ìŠ¤íŽ˜ì…œë“œë¦¼
nikluge-sa-2022-train-02268,"ì—¬í–‰ì„ ì¢‹ì•„í•˜ëŠ” ì €ëŠ”, ìš”ë¡  ë…€ì„, ê¼¬ì˜¥ ìžˆì–´ì•¼í•œë‹¤ê³  ë´…ë‹ˆë‹¤!!!"
nikluge-sa-2022-train-00972,ì†Œìž¬ê°€ ë¶€ë“œëŸ½ê³  ê°€ë³ê³  í¬ê·¼!!!
nikluge-sa-2022-train-00168,#ë°¤ê¸°ì €ê·€ #ì•„ê¸°ê¸°ì €ê·€ ì†ìƒ‰ì—†ì„.. ì •ë„ë¡œ ìž˜ ì‚¬ìš©í•˜ê³  íŒ¬í‹°ë¼ í™œë™ì´ ì¢‹ìœ¼ë‹ˆê¹.. ë§‰ ë›°ì–´ ë†€ì•„ë„ ë²—ê²¨ì§€ì§€ ì•Šê³  ìŠ¤ìŠ¤ë¡œ ë§‰ ë²—ìœ¼ë ¤ê³ .. ë“¤ì–´ë„ #íŒ¬í‹°ê¸°ì €ê·€ ë¼ì„œ ì¢‹ì€ë°..
nikluge-sa-2022-train-01356,ê·¸ë§Œí¼ í”¼ë¶€ê²°ì´ ì¤‘ìš”í•œë° ë¡œì§€ì‚¬í‹´í¬ë¦¼ì€ ì†ŒëŸ‰ë§Œ ë°œë¼ë„ ë©”ì´í¬ì—…ì´ ì«€ì«€í•´ì§€ê³  ë°¤ì— ë°”ë¥´ê³  ìžë©´ ë‹¤ìŒë‚  ì•„ì¹¨ í”¼ë¶€ê°€ ê¹ë‹¬ê±€ì²˜ëŸ¼ ë§¤ëˆí•˜ë‹µë‹ˆë‹¤
nikluge-sa-2022-train-02691,ë°˜ì§ë°˜ì§ ë¹›ì´ë‚˜ìš” ã…‹
nikluge-sa-2022-train-02564,#í™”ì´íŠ¸ë‹ì œí’ˆì¶”ì²œ í•œë‹¤ë©´ ì†”ì§ížˆ ë¹¼ë†“ì„ ìˆ˜ ì—†ëŠ” ì œí’ˆì´ì£ !
nikluge-sa-2022-train-01519,4ê°€ì§€ ì‹ë¬¼ì„± íŠ¹í—ˆì›ë£Œì™€ ìžì—°ìœ ëž˜ ë°œíš¨ì¶”ì¶œë¬¼ íŽ©íƒ€ì´ë“œ ì„±ë¶„ì´ í•¨ìœ ë˜ì–´ íƒˆëª¨ì¦ìƒì„ ì™„í™”ì‹œì¼œì£¼ê³  ë‘í”¼ëª¨ë°œê±´ê°•ì— ë„ì›€ì„ ì¤˜ìš”~
nikluge-sa-2022-train-00656,ì—ì½”í›„ë ˆì‰¬ ë¯¸ì„¸ë¨¼ì§€ ì €ê° ìŠ¤í”„ë ˆì´ë§Œì˜ `ë‹¤ë¥¸ ì œí’ˆê³¼ ë¹„êµí•˜ì—¬ ì´ ì œí’ˆë§Œì´ ê°€ì§€ê³  ìžˆëŠ” ì˜ë¯¸ìžˆëŠ” íŠ¹ì´ì `ì€ ë°”ë¡œ ì¹™ì¹™ë¿Œë¦¬ë©´ ë¯¸ì„¸ë¨¼ì§€ê°€ ëšëš!! ë–¨ì–´ì§„ë‹¤ëŠ” ì  !!
nikluge-sa-2022-train-00365,êµ¬ì„êµ¬ì„ ë‹¦ì•„ì£¼ë‹ˆê¹Œ ì–‘ì¹˜í•˜ê³ ë‚˜ë©´ ìŠ¤ì¼ˆë§í•œê±°ì²˜ëŸ¼ ìž…ì•ˆì´ ê°œìš´í•˜ê³  ìƒì¾Œí•œ ê¸°ë¶„~â™©
nikluge-sa-2022-train-01313,#ë§˜ì—ë“¤ì–´
nikluge-sa-2022-train-02516,ì˜ìžë„ ë˜ê³  í”ë“¤ì˜ìžë„ ë˜ê³  ê°ë„ ì¡°ì ˆë¡œ ë”ìš± ë‹¤ì–‘í•˜ê²Œ ì‚¬ìš©í•  ìˆ˜ ìžˆì–´ì„œ íš¨ìœ¨ì ì´ê³  ì¢‹ë‹¤
nikluge-sa-2022-train-00565,ì´ê±°ìŠ¨ ë ˆì•Œ ì‹ ì„¸ê³„ì•¼ðŸ˜±
nikluge-sa-2022-train-01170,ë°œë¦¼ì„± ì»¤ë²„ë ¥ ì¢‹ì•„ìš”ðŸ‘
nikluge-sa-2022-train-00087,ìƒ‰ì„ ì €ë ‡ê²Œ ë°–ì— ëª» ë½‘ëŠ”ì§€ ë¬»ê³  ì‹¶ë‹¤.
nikluge-sa-2022-train-01673,íƒœì§€ì„±ë¶„ì˜ #ë² ì´ë¹„ë¦¬í”¼ë“œ ë¥¼ í¬í•¨í•œ #ëª¨íƒœë³´ìŠµ
nikluge-sa-2022-train-01334,ê¸°ì¡´ íŒ¨í‚¤ì§€ë„ ì˜ˆë»¤ëŠ”ë° ì´ë²ˆì— ë°”ë€ íŒ¨í‚¤ì§€ëŠ” ë­”ê°€ ë” ìˆœìˆ˜í•´ë³´ì´ê³  ì‚¬ëž‘ìŠ¤ëŸ¬ì›Œë³´ì´ëŠ” ëŠë‚Œ~!
nikluge-sa-2022-train-00306,ìƒ¤ì›Œê°€ ë” ì¦ê±°ì›Œì§ˆ ì˜ˆì •ì´ì—ìš”!
nikluge-sa-2022-train-02053,ë¹ ë¥¸í¡ìˆ˜ë ¥ Good!
nikluge-sa-2022-train-02093,ë§¤ì¼ ë°¤ ì“°ëŠ”ë° í–¥ê¹Œì§€ ì¢‹ì•„ ê¸°ë¶„ì¢‹ê²Œ í´ë Œì§•í•˜ì§€ìš”
nikluge-sa-2022-train-00787,ë§¤ì¼ ë¨¹ê³  ë‹¦ê³  ì“°ëŠ” ì£¼ë°©ì—ì„œ ì´ì •ë„ì˜ ê¹”ë”í•¨ê³¼ ìœ„ìƒì´ë¼ë©´ ë°˜ë“œì‹œ êµì²´í•´ì„œ ì¨ë´ì•¼ê² ì£ ^^
nikluge-sa-2022-train-01748,ê¾¸ì¤€ížˆ ì‚¬ìš©í•˜ê³  ìžˆëŠ” ë¦¬íŒŒìºëŸ¿
nikluge-sa-2022-train-00671,4. ë¶€ë“œëŸ¬ìš´ ë°œë¦¼ì„±ìœ¼ë¡œ ëˆì ìž„ ì—†ëŠ” EWG ê·¸ë¦° ì˜ì–‘ ë³´ìŠµ ì„±ë¶„ ì•°í”Œ
nikluge-sa-2022-train-02099,ë†’ì€ ë“±ë°›ì´ë¡œ ì•„ê¸°ë“¤ì˜ í—ˆë¦¬ë¥¼ ìž˜ ìž¡ì•„ì£¼ì–´ì„œ ì–´ë¦° ì›”ë ¹ë¶€í„° ì‚¬ìš©ì´ ê°€ëŠ¥í•´ìš”
nikluge-sa-2022-train-02747,ë¨¸ë¦¬ëì— í†¡í†¡ ë°œë¼ì¤¬ë”ë‹ˆ ë¶€ë“œëŸ½ê³  í–¥ê¸°ë„ ì¢‹ì•„ðŸ™†ðŸ»
nikluge-sa-2022-train-00120,íœ  í´ë¦­ì´ ë»‘ë»‘í•´ì„œ íž˜ì´ ë“ ë‹¤.
nikluge-sa-2022-train-00920,í‰ì†Œì—ë„ íŽ¸ì•ˆí•˜ê³  ì˜ˆì˜ê²Œ ìž…ê³  íŠ¹ë³„í•œ ë‚  ìž…ì–´ë„ ì†ìƒ‰ì´ ì—†ëŠ” ì‚¬ëž‘ìŠ¤ëŸ° ì›í”¼ìŠ¤~
nikluge-sa-2022-train-02145,ì´ê±° í•˜ë‚˜ë©´ #ê´‘ì±„ë©”ì´í¬ì—… ë—
nikluge-sa-2022-train-01392,ìž¥ë‚œê°ì´ë‚˜ ì»µ ì¹˜ë°œê¸° ì—°ê²°í•´ì„œ ì¦ê²ê²Œ pick up~
